ID,Healthcare_Name,Street_Address,City,Zipcode,State,Associated_Health_System,Funding_Type,CHNA_Year,Service_Area_Type,Service_Area_Counties,Service_Area_Zip,Service_Area_Places,Health_Needs,Health_Priorities,CHNA_URL,Implementation_URL,Contact
6860038,Arizona Orthopedic Surgical Hospital,"2905 West Warner Road, Suite 1",Chandler,85224-1674,AZ,United Surgical Partners International,Non-Profit,2019,Combination of counties and zip codes,Chandler,"85122, 85128, 85139, 85202, 85225, 85283",N/A,"Access to care, Mental/behavioral health and substance abuse, Obesity (diet related illness), Chronic conditions, Injury and trauma ",N/A,https://www.dignityhealth.org/content/dam/dignity-health/pdfs/arizona/az-chandler-regionalreport19.pdf,https://www.dignityhealth.org/content/dam/dignity-health/pdfs/arizona/az-chandler-regionalreport19.pdf,CHNAchandler@Dignityhealth.com
6860305,Abrazo Arrowhead Campus,18701 North 67th Avenue,Glendale,85308-7100,AZ,TENET Healthcare Corporation,Non-Profit,2021,List of Counties,Mariscopa,N/A,N/A,N/A,N/A,https://www.honorhealth.com/sites/default/files/2022-02/2021-CHNA-Report-HonorHealth-DVMC.pdf,https://www.honorhealth.com/sites/default/files/2022-02/2021-CHNA-Report-HonorHealth-DVMC.pdf,roi@abrazohealth.com
6860232,Abrazo Central Campus,2000 West Bethany Home Road,Phoenix,85015-2443,AZ,TENET Healthcare Corporation,Non-Profit,2017,List of Counties,Maricopa,N/A,N/A,N/A,"Access to health care, cancer treatment and preventation, Diabetes",N/A,https://www.maricopa.gov/DocumentCenter/View/40784/MC_2017_CCHNA_Report,https://www.maricopa.gov/DocumentCenter/View/40784/MC_2017_CCHNA_Report
6860315,Abrazo Scottsdale Campus,3929 East Bell Road,Phoenix,85032-2196,AZ,TENET Healthcare Corporation,Non-Profit,2018,List of Counties,Mariscopa,N/A,N/A,"Mental/Bahavioral Health, Access to care, cancer, injury prevention, overweight/obesity, social dterminants of health, chronic illness","access to care, access to healthy food, early chldhood development",https://www.maricopa.gov/DocumentCenter/View/68104/Final-CHA-30-Report,https://www.maricopa.gov/DocumentCenter/View/51819/CHIP-Cycle-2-Report,N/A
6860027,Abrazo West Campus,13677 West McDowell Road,Goodyear,85395-2635,AZ,TENET Healthcare Corporation,Non-Profit,N/A unable to find,,,,,,,,,
6860038,Arizona Orthopedic Surgical Hospital,"2905 West Warner Road, Suite 1",Chandler,85224-1674,AZ,United Surgical Partners International,Unable to Find,2018,List of Zip Codes,N/A,"85033, 85037, 85301, 85302, 85303, 85307, 85335, 85338, 85340, 85345, 85351, 85353, 85392",N/A,"Access to care, Mental/behavioral health and substance abuse, Obesity (diet related illness), Chronic conditions, Injury and trauma ","Access to care, Mental/behavioral health and substance abuse, Obesity (diet related illness), Chronic conditions, Injury and trauma ",N/A,https://dignityhealthazsh.com/wp-content/uploads/2022/06/2016-Implementation-Strategy.pdf,N/A
6860024,Arizona Spine and Joint Hospital,4620 East Baseline Road,Mesa,85206-4624,AZ,National Surgical Healthcare,For-Profit,2019,"Combination of counties, zip codes, and places",Maricopa,"85118, 85119, 85120, 85132, 85140, 85142, 85143, 85201, 85202, 85204, 85205, 85206, 85207, 85208, 85209, 85210, 85212, 85213, 85215, 85224, 85225, 85233, 85234, 85248, 85249, 85295, 85296, 85298","Gold Canyon, Apache Junction, Florence, San Tan Valley, Queen Creek, San Tan Valley, Mesa, Chandler, Gilbert",N/A," Access to Care, Mental/Behavioral Health, Overweight/Obesity, Cancer, Trauma/Injury Prevention, Social Determinant of Health,",https://www.azspineandjoint.com/wp-content/uploads/2019/03/Dignity-AZ-Spine_Joint-Hospital_-CHNA_Report_2019.pdf,N/A,N/A
6860230,Arizona State Hospital,2500 East Van Buren Street,Phoenix,85008-6079,AZ,,Unable to Find,N/A unable to find,,,,,,,,,
6869155,Aurora Behavioral Health System East,6350 South Maple Street,Tempe,85283-2857,AZ,Signature Healthcare Services,For-Profit,N/A unable to find,,,,,,,,,
6860233,Aurora Behavioral Health System West,6015 West Peoria Avenue,Glendale,85302-1213,AZ,Signature Healthcare Services,For-Profit,N/A unable to find,,,,,,,,,
6860250,Banner - University Medical Center Phoenix,1111 East McDowell Road,Phoenix,85006-2666,AZ,Banner Health,Non-Profit,2022,List of Counties,Maricopa,N/A,N/A,"Access to care, Behavorial health, Depression, Substance abuse, Chronic disease management","Access to care, Behavorial health, Depression, Substance abuse, Chronic disease management",https://www.bannerhealth.com/-/media/files/project/bh/chna-reports/2022/arizona/banner-university-medical-center-phoenix.ashx,https://www.bannerhealth.com/-/media/files/project/bh/chna-reports/2022/arizona/banner-university-medical-center-phoenix.ashx,CHNA.CommunityFeedback@bannerhealth.com
6860450,Banner - University Medical Center South,2800 East Ajo Way,Tucson,85713-6289,AZ,Banner Health,Non-Profit,2021,Combination of counties and places,Pima,N/A,"South Tucson, Tucson, Marana, Oro Valley, Sahuarita, Marana,Sahuarita","Access to care, Behavorial health, Depression, Substance abuse, Chronic disease management, Obesity","Access to care, Behavorial health, Depression, Substance abuse, Chronic disease management, Obesity",https://www.bannerhealth.com/-/media/files/project/bh/chna-reports/2022/arizona/banner-university-medical-centers-tucson-and-south-chna-report-tucson.ashx,https://www.bannerhealth.com/-/media/files/project/bh/chna-reports/2022/arizona/banner-university-medical-centers-tucson-and-south-chna-report-tucson.ashx,CHNA.CommunityFeedback@bannerhealth.com
6860516,Banner - University Medical Center Tucson,1501 North Campbell Avenue,Tucson,85724-5128,AZ,Banner Health,Non-Profit,2018,List of Counties,Pima,N/A,N/A,"Access to care, Behavorial health, Depression, Substance abuse, Chronic disease management, Obesity","Access to care, Behavorial health, Depression, Substance abuse, Chronic disease management, Obesity",https://www.bannerhealth.com/-/media/files/project/bh/chna-reports/2019/arizona/banner-university-tucson-and-south_2019-pima-county-chna.ashx,https://www.bannerhealth.com/-/media/files/project/bh/chna-reports/2019/implementation-strategies.ashx,healthypima@pima.gov
6860185,Banner Baywood Medical Center,6644 East Baywood Avenue,Mesa,85206-1797,AZ,Banner Health,Non-Profit,2019,Combination of counties and places,Maricopa,n/a,"Apache Junction, Gold Canyon, Queen Creek, Gilbert","Access to Health Care, Overweight/Obesity, Domestic Violence","Access to Care, Behavioral Health, Chronic Disease Management",https://www.bannerhealth.com/-/media/files/project/bh/chna-reports/2019/arizona/banner-baywood_-2019-chna-report.ashx,https://www.bannerhealth.com/-/media/files/project/bh/chna-reports/2019/implementation-strategies.ashx,CHNA.CommunityFeedback@bannerhealth.com
6860355,Banner Behavioral Health Hospital - Scottsdale,7575 East Earll Drive,Scottsdale,85251-6915,AZ,Banner Health,Non-Profit,2022,List of Counties,Maricopa,n/a,n/a,"Access to and navigating healthcare services, Access to supportive care after hospital discharge, Access to care post-COVID, Employee wellness, Integrating social determinants of health with Banner, Health literacy, Health management, Diabetes and heart disease management, Diagnosing and managing dementia, Ongoing care for those with long-COVID, Preventative cancer education, Cancer screenings, Access to mental health resources, Mental health care for those affected by COVID, Substance and alcohol abuse and misuse prevention","Improving the health of the communities served, Chronic disease management, Behavioral health",https://www.bannerhealth.com/-/media/files/project/bh/chna-reports/2022/arizona/banner-behavioral-health-hospital-scottsdale.ashx,n/a,CHNA.CommunityFeedback@bannerhealth.com
6860378,Banner Boswell Medical Center,10401 West Thunderbird Blvd,Sun City,85351-3004,AZ,Banner Health,Non-Profit,2022,List of Counties,Maricopa,n/a,n/a,"Access to and navigating healthcare services, Access to supportive care after hospital discharge, Access to care post-COVID, Employee wellness, Integrating social determinants of health with Banner, Health literacy, Health management, Diabetes and heart disease management, Diagnosing and managing dementia, Ongoing care for those with long-COVID, Preventative cancer education, Cancer screenings, Access to mental health resources, Mental health care for those affected by COVID, Substance and alcohol abuse and misuse prevention","Improving the health of the communities served, Chronic disease management, Behavioral health",https://www.bannerhealth.com/-/media/files/project/bh/chna-reports/2022/arizona/banner-boswell-medical-center-sun-city.ashx,n/a,CHNA.CommunityFeedback@bannerhealth.com
6860025,Banner Casa Grande Medical Center,1800 East Florence Boulevard,Casa Grande,85122-5399,AZ,Banner Health,Non-Profit,2019,"Combination of counties, zip codes, and places",Pinal,"85122, 85131, 85123, 85128, 85194","Casa Grande, Eloy, Arizona City, Coolidge","Mental Health Issues, Substance Addiction and Overdose, Aging Problems, Child Abuse/Neglect, Diabetes, Domestic Violence","Access to care, Chronic Disease Management, Behavioral Health",https://www.bannerhealth.com/-/media/files/project/bh/chna-reports/2020/bcgmc-2020-chna-report.ashx,https://www.bannerhealth.com/-/media/files/project/bh/chna-reports/2019/implementation-strategies.ashx,CHNA.CommunityFeedback@bannerhealth.com
6860430,Banner Del E. Webb Medical Center,14502 West Meeker Boulevard,Sun City West,85375-5299,AZ,Banner Health,Non-Profit,2022,List of Counties,Maricopa,n/a,n/a,"Mental Health, Access to Health Care, Substance and Alcohol Abuse, Aging Problems, Diabetes, Cancers, Heart Disease, Social Determinants of Health, Economic Stability, Health Literacy, Education","Access to Care, Chronic Disease Management, Behavioral Health",https://www.bannerhealth.com/-/media/files/project/bh/chna-reports/2022/arizona/banner-del-e-webb-medical-center-sun-city-west.ashx,https://www.bannerhealth.com/-/media/files/project/bh/chna-reports/2022/implementation-strategies-for-posting.ashx,CHNA.CommunityFeedback@bannerhealth.com
6860016,Banner Desert Medical Center,1400 South Dobson Road,Mesa,85202-4707,AZ,Banner Health,Non-Profit,2022,List of Counties,Maricopa,n/a,n/a,"Overweight/Obesity, Alcohol and Substance Abuse, Mental Health Issues, High Blood Pressure or Cholesterol, Aging Problems, Cancers, Diabetes, Economic Stability, Social Determinants of Health, Health Literacy, Education","Access to Care, Chronic Disease Management, Behavioral Health",https://www.bannerhealth.com/-/media/files/project/bh/chna-reports/2022/arizona/banner-desert-medical-center-and-banner-childrens-at-desert-mesa.ashx,https://www.bannerhealth.com/-/media/files/project/bh/chna-reports/2022/implementation-strategies-for-posting.ashx,CHNA.CommunityFeedback@bannerhealth.com
6860036,Banner Estrella Medical Center,9201 West Thomas Road,Phoenix,85037-3332,AZ,Banner Health,Non-Profit,2022,List of Counties,Maricopa,n/a,n/a,"Mental Health, Access to Health Care, Substance and Alcohol Abuse, Aging Problems, Diabetes, Cancers, Heart Disease, Social Determinants of Health, Economic Stability, Health Literacy, Education","Access to Care, Chronic Disease Management, Behavioral Health",https://www.bannerhealth.com/-/media/files/project/bh/chna-reports/2022/arizona/banner-estrella-medical-center-phoenix.ashx,https://www.bannerhealth.com/-/media/files/project/bh/chna-reports/2022/implementation-strategies-for-posting.ashx,CHNA.CommunityFeedback@bannerhealth.com
6860043,Banner Gateway Medical Center,1900 North Higley Road,Gilbert,85234-1604,AZ,Banner Health,Non-Profit,2022,Combination of counties and zip codes,Maricopa,"85264 ,85250 ,85256 ,85251 ,85257 ,85281 ,85287 ,85282 ,85283 ,85284 ,85224 ,85286 ,85248 ,85249 ,85289 ,85142 ,85140 ,85215 ,85203 ,85213 ,85201 ,85210 ,85202 ,85233 ,85225 ,85295 ,85297 ,85212 ,85120, 85207 ,85209 ,85208 ,85205 ,85206 ,85234 ,85296 ,85204",N/A,"Mental health, Access to health care, Alcohol/drug abuse, Aging problems, Diabetes, access to healthcare, good jobs and healthy economy, affordable housing, good schools, healthy behaviors and lifestyles","Access to Care, Chronic Disease Management, Behavioral Health",https://www.bannerhealth.com/-/media/files/project/bh/chna-reports/2022/arizona/banner-gateway-medical-center-gilbert.ashx,https://www.bannerhealth.com/-/media/files/project/bh/chna-reports/2022/implementation-strategies-for-posting.ashx,CHNA.CommunityFeedback@bannerhealth.com
6860263,Banner Goldfield Medical Center,2050 West Southern Avenue,Apache Junction,85120-7305,AZ,Banner Health,Non-Profit,2020,"Combination of counties, zip codes, and places","Pinal, Maricopa","85120, 85119, 85118, 85208","Apache Junction, Gold Canyon, Mesa","Access to care, cancer, diabetes, heart disease, Mental Health Disorders, Opioid Misuse, overdose and addiction, incarceration","Access to care, cancer, diabetes, heart disease, Mental Health Disorders , Opioid Misuse, behavioral health",https://www.bannerhealth.com/-/media/files/project/bh/chna-reports/2020/bgfmc-2020-chna-report.ashx,https://www.bannerhealth.com/-/media/files/project/bh/chna-reports/2019/implementation-strategies.ashx,CHNA.CommunityFeedback@bannerhealth.com
6860026,Banner Heart Hospital,6750 East Baywood Avenue,Mesa,85206-1749,AZ,Banner Health,Non-Profit,2022,List of Counties,Maricopa,N/A,N/A,"Access to Care; Behavioral Health (SUBSTANCE ABUSE, DEPRESSION, BEHAVIORAL HEALTH, MENTAL HEALTH); Chronic Disease Management (heart disease, cancer, chronic lower respiratory disease, and diabetes)","Access to Care; Behavioral Health (SUBSTANCE ABUSE, DEPRESSION, BEHAVIORAL HEALTH, MENTAL HEALTH); Chronic Disease Management (heart disease, cancer, chronic lower respiratory disease, and diabetes)",https://www.bannerhealth.com/-/media/files/project/bh/chna-reports/2022/arizona/banner-heart-hospital-mesa.ashx,https://www.bannerhealth.com/-/media/files/project/bh/chna-reports/2019/implementation-strategies.ashx,CHNA.CommunityFeedback@bannerhealth.com
6860059,Banner Ironwood Medical Center,37000 North Gantzel Road,San Tan Valley,85140-7303,AZ,Banner Health,Non-Profit,2020,"Combination of counties, zip codes, and places","Pinal, Maricopa","85143, 85140, 85142, 85132","San Tan Valley, Queen Creek, Florence","Access to care, Mental health issues, Substance addiction and overdose, Motor vehicle issues, Suicide, Aging problems, cancer, diabetes, heart disease","access to care; cancer; diabetes; heart disease data; behavioural health (substance abuse, depression, behavioural health); mental health disorders; opioid misuse",https://www.bannerhealth.com/-/media/files/project/bh/chna-reports/2020/bimc-2020-chna-report.ashx,https://www.bannerhealth.com/-/media/files/project/bh/chna-reports/2019/implementation-strategies.ashx,CHNA.CommunityFeedback@bannerhealth.com
6860225,Banner Payson Medical Center,807 South Ponderosa Street,Payson,85541-5599,AZ,Banner Health,Non-Profit,2022,"Combination of counties, zip codes, and places",Gila,"85541, 85544, 85553","Payson, Pine, Tonto Basin","Access to care, cancer, diabetes, heart disease,  Mental Health Disorders, aging, drug and alcohol abuse, Opioid Misuse","Access to care, cancer, diabetes, heart disease,  Mental Health Disorders, Opioid Misuse",https://www.bannerhealth.com/-/media/files/project/bh/chna-reports/2022/arizona/banner-payson-medical-center-payson.ashx,https://www.bannerhealth.com/-/media/files/project/bh/chna-reports/2022/arizona/banner-payson-medical-center-payson.ashx,CHNA.CommunityFeedback@bannerhealth.com
6860013,Banner Thunderbird Medical Center,5555 West Thunderbird Road,Glendale,85306-4696,AZ,Banner Health,Non-Profit,2022,List of Counties,Maricopa,N/A,N/A,"Access to health care, Mental health, Substance abuse, heart disease, cancer, Diabetes, chronic lower respiratory disease","Access to health care, Mental health, Substance abuse, heart disease, cancer, Diabetes, chronic lower respiratory disease",https://www.bannerhealth.com/-/media/files/project/bh/chna-reports/2022/arizona/banner-thunderbird-medical-center-glendale.ashx,https://www.bannerhealth.com/-/media/files/project/bh/chna-reports/2022/arizona/banner-thunderbird-medical-center-glendale.ashx,CHNA.CommunityFeedback@bannerhealth.com
6860012,Benson Hospital,450 South Ocotillo Street,Benson,85602-6403,AZ,Benson Health,Non-Profit,2022,List of Counties,Cochise,N/A,N/A,"Mental Health and Alcohol/Substance Abuse,Good Jobs and a Healthy Economy,Healthy Eating and Obesity & Diabetes, Mental/behavioral health services, Transportation,Access to care,More services and resources of all kinds,More collaboration and working together,Economic development and diversity","Mental Health and Alcohol/Substance Abuse,Good Jobs and a Healthy Economy,Healthy Eating and Obesity & Diabetes",https://www.cochise.az.gov/DocumentCenter/View/991/2017-Community-Health-Assessment-Report-PDF,N/A,CHNA.CommunityFeedback@bannerhealth.com
6860379,Canyon Vista Medical Center,5700 East Highway 90,Sierra Vista,85635-9110,AZ,LifePoint Health,Non-Profit,N/A unable to find,,,,,,,,,
6860200,Carondelet Holy Cross Hospital,1171 West Target Range Road,Nogales,85621-2415,AZ,TENET Healthcare Corporation,For-Profit,2018,"Combination of counties, zip codes, and places",Santa Cruz,"85621,85648, 85611,85637,85624","Nogales,Rio Rico,Elgin,Sonoita,Patagonia","Access to health care (including transportation); Birth indicators; Dental care; Diabetes; Economic insecurity; Mental health; Overweight and obesity (including healthy food and physical activity); Substance abuse (alcohol, drugs and tobacco); Teen Births; Heart Disease; Cancer; Oral Health; Transportation","Mental Health,Economic Insecurity,Overweight and Obesity,Access to Health Care,Diabetes,Birth Indicators Dental Care,Substance Abuse",https://www.carondelet.org/docs/librariesprovidercarondelet/default-document-library/holy-cross-hospital-2018-chna-report.pdf?sfvrsn=3ce1b582_2,https://www.carondelet.org/docs/librariesprovidercarondelet/default-document-library/chc-cna-implementation-plan-ada6d3baceaa4f163eda0bfff0f00ed1b39.pdf?sfvrsn=91bc5a1a_2,N/A
6860460,Carondelet St. Joseph's Hospital,350 North Wilmot Road,Tucson,85711-2678,AZ,TENET Healthcare Corporation,For-Profit,2021,Combination of counties and places,Pima,N/A,"Ajo,Casas Adobes,Catalina Foothills,Drexel Heights,Flowing Wells, Green Valley,Marana, Oro Valley, Pascua Yaqui Tribe, Picture Rocks,Sahuarita,San Xavier,Tanque Verde,Tahano O'odham Nation, Tucson Central, Tucson East, Tucson Foothills, Tucson Estates,Tucson South, Tucson South East,Tucson West, Vail,Valencia West","Mental Health/Illness and Substance Abuse/Misuse,Obesity & Related Chronic Diseases, Childhood Obesity/ Diabetes, Access to Service,Food Insecurity, Infant Mortality,Vaccine Preventable Diseases,Suicide,Cancer, Heart Disease, Tobacco Use,Physical Activity, Eating Healthy,Heat-Related Fatalities,Automotive Fatalities,Homeless Death, Undocumented Border Crosser Deaths,CoronaVirus, Influenza/Pneumonia,Sexual Violence,Maternal/Infant/Child Health","Behavioral Health,Obesity and Related,Chronic Diseases,Access to Service",https://www.carondelet.org/docs/librariesprovidercarondelet/default-document-library/pima-county-chna-2.pdf?sfvrsn=93f1c338_0,https://www.carondelet.org/docs/librariesprovidercarondelet/default-document-library/ada_chn-cna-implementation-plan_final_2019.pdf?sfvrsn=c71cb53e_2,N/A
6860480,Carondelet St. Mary's Hospital,1601 West St Mary's Road,Tucson,85745-2682,AZ,TENET Healthcare Corporation,For-Profit,2021,Combination of counties and places,Pima,N/A,"Ajo,Casas Adobes,Catalina Foothills,Drexel Heights,Flowing Wells, Green Valley,Marana, Oro Valley, Pascua Yaqui Tribe, Picture Rocks,Sahuarita,San Xavier,Tanque Verde,Tahano O'odham Nation, Tucson Central, Tucson East, Tucson Foothills, Tucson Estates,Tucson South, Tucson South East,Tucson West, Vail,Valencia West","Mental Health/Illness and Substance Abuse/Misuse,Obesity & Related Chronic Diseases, Childhood Obesity/ Diabetes, Access to Service,Food Insecurity, Infant Mortality,Vaccine Preventable Diseases,Suicide,Cancer, Heart Disease, Tobacco Use,Physical Activity, Eating Healthy,Heat-Related Fatalities,Automotive Fatalities,Homeless Death, Undocumented Border Crosser Deaths,CoronaVirus, Influenza/Pneumonia,Sexual Violence,Maternal/Infant/Child Health","Health systems and navigation,Social Determinants of health,Mental health,Climate and environment,Substance use,Chronic disease,Healthy aging",https://www.tmcaz.com/assets/documents/community/2021-pima-county-community-health-needs-assessment.pdf,https://www.tmcaz.com/assets/documents/community/chna-implementation-strategy-report-2019-21.pdf,N/A
6869154,CCC at PineView Hospital,1920 West Commerce Drive,Lakeside,85929,AZ,,Non-Profit,N/A unable to find,,,,,,,,,
6860028,Chandler Regional Medical Center,1955 West Frye Road,Chandler,85224-6282,AZ,CommonSpirit Health,Non-Profit,2022,"Combination of counties, zip codes, and places",Maricopa,"85044, 85048, 85122, 85138,85139,85210,85224,85225,85226,85233,85248,85249,85283,85284,85286, 85202",Chandler,"mental health and suicide, substance abuse, cancer, chronic disease, injury prevention, access to care, housing and homelessness, violence, equity and nutrition ","access to care, mental and behavoiral health, diabetes, breast cancer, injury prevention, social determinant of health",https://www.dignityhealth.org/content/dam/dignity-health/pdfs/chna/2022-chna/crmc-chna-main-report-22.pdf,https://www.dignityhealth.org/content/dam/dignity-health/pdfs/implementation-strategies/2022/ChandlerRegionalHosp-2022ImplStrat.pdf,CHNA-Chandler@DignityHealth.org 
6860405,"CHG Hospital Tucson, LLC",7220 East Rosewood Drive,Tucson,85710-1350,AZ,Cornerstone Healthcare Group,Non-Profit,N/A unable to find,,,,,,,,,
6741525,CHI St. Luke's Health Brazosport,100 Medical Drive,Lake Jackson,77566-5674,TX,CommonSpirit Health,Non-Profit,2021,Combination of zip codes and places,N/A,"77515, 77422, 77531, 77430, 77534, 77541, 77566, 77577, 77578, 77583, 77480, 77486","Angleton, Brazoria, Clute, Damon, Danbury, Freeport, Lake Jackson, Liverpool, Manvel, Rosharon, Sweeny, West Columbia","access to care, chronic disease, Covid-19, dental care, economic insecurity, mental health, overweight/obesity, preventative practices, substance abuse","mental health, access to health care, chronic disease, Covid-19",https://www.stlukeshealth.org/content/dam/stlukeshealth/pdfs/St.-Luke%27s-Brazosport-Assesment-2021.pdf,https://www.stlukeshealth.org/content/dam/stlukeshealth/pdfs/St.-Luke%27s-Brazosport-Implementation-Strategy-2021.pdf,N/A
6860235,Chinle Comprehensive Health Care Facility,Highway 191,Chinle,86503,AZ,U. S. Indian Health Service,Non-Profit,N/A unable to find,,,,,,,,,
6869157,Cobalt Rehabilitation Hospital,13060 West Bell Road,Surprise,85378-1200,AZ,,Non-Profit,N/A unable to find,,,,,,,,,
6860180,Cobre Valley Regional Medical Center,5880 South Hospital Drive,Globe,85501-9454,AZ,HealthTech Management Services,Non-Profit,2019,Combination of counties and places,"Gila, Pinal",N/A,"Globe, Miami, Claypool, Superior, Kearny, Hayden, Winkleman, Tonto Basin, Roosevelt, Young, Apache communities","Lack of Recreation Facilities and Safe Places to Be Active, preventive care, aging population, provider and speciality services","Increase access to urgent care services, Increase opportunities to safely walk and bike in the region, Increase access to preventative services with a focus on increasing access to affordable quality foods, Increase access to aging-in-place services for the aging population",https://cvrmc.org/wp-content/uploads/CVRMC-CHNA-2019_Final_11_27_19.pdf,https://cvrmc.org/wp-content/uploads/Final-CHIP_4_16_20-v2.pdf,N/A
6864000,Copper Queen Community Hospital,101 Cole Avenue,Bisbee,85603-1399,AZ,,Non-Profit,N/A unable to find,,,,,,,,,
6860575,Curahealth Phoenix,40 East Indianola Avenue,Phoenix,85012-2059,AZ,Curahealth Hospitals,Non-Profit,N/A unable to find,,,,,,,,,
6860018,Curahealth Tucson,355 North Wilmot Road,Tucson,85711-2601,AZ,Curahealth Hospitals,,N/A unable to find,,,,,,,,,
6860469,Dignity Health Arizona General Hospital,7171 South 51st Avenue,Laveen,85339-2923,AZ,CommonSpirit Health,Non-Profit,2022,"Combination of counties, zip codes, and places",Maricopa,"85033, 85035, 85037, 85040, 85041, 85042, 85043, 85051, 85301, 85302, 85303, 85323, 85326, 85335, 85338, 85339, 85345, 85374, 85379","Phoenix, Glendale, Avondale, Buckeye, El Mirage, Goodyear, Laveen, Peoria, Surprise","Mental Health and Suicide; Substance Use; Cancer; Chronic Disease (Diabetes, Cardiovascular Disease, Obesity, Oral Health); Injury Prevention, Access to Care/Immunization; Housing/Homelessness; Violence (Domestic Violence, Intimate Partner Violence, Human Trafficking); Equity (Racial, Health, and Social); Nutrition (Food Access and Exercise)","Access to Care, Mental/Behavioral Health, Chronic Disease, Cancer, Trauma/Injury Prevention, Social Determinants of Health",https://www.dignityhealth.org/content/dam/dignity-health/pdfs/chna/2022-chna/agh-laveen-chna-main-report-22.pdf,https://www.dignityhealth.org/content/dam/dignity-health/pdfs/implementation-strategies/2022/ArizonaGeneral-Laveen-2022ImplStrategy.pdf,communityhealth@dignityhealth.org
6860387,Encompass Health Rehabilitation Hospital of East Valley,5652 East Baseline Road,Mesa,85206-4713,AZ,Encompass Health Corporation,,N/A unable to find,,,,,,,,,
6860033,Encompass Health Rehabilitation Hospital of Northwest Tucson,1921 West Hospital Drive,Tucson,85704-7806,AZ,Encompass Health Corporation,,N/A unable to find,,,,,,,,,
6860001,Encompass Health Rehabilitation Hospital of Scottsdale,9630 East Shea Boulevard,Scottsdale,85260-6267,AZ,Encompass Health Corporation,,N/A unable to find,,,,,,,,,
6860017,Encompass Health Rehabilitation Institute of Tucson,2650 North Wyatt Drive,Tucson,85712-6108,AZ,Encompass Health Corporation,,N/A unable to find,,,,,,,,,
6860009,Encompass Health Valley of the Sun Rehabilitation Hospital,13460 North 67th Avenue,Glendale,85304-1042,AZ,Encompass Health Corporation,Unable to Find,N/A unable to find,,,,,,,,,
6860021,Flagstaff Medical Center,1200 North Beaver Street,Flagstaff,86001-3118,AZ,Northern Arizona Healthcare,Unable to Find,2022,Combination of counties and zip codes,"Mohave, Yavapai, Coconino, Gila, Navajo, Apache","86001, 86002, 86003, 86004, 86005, 86011, 86015, 86017, 86018, 86023, 86024, 86025, 86033, 86034, 86035, 86038, 86040, 86045, 86046, 86047, 86320, 86322, 86324, 86325, 86326, 86331, 86335, 86336, 86337, 86339, 86340, 86341, 86342, 86351, 86401",N/A,"Access to healthcare, mental/behavioral health, substance abuse, nutrition, injuries, chronic disease","Access to healthcare, mental/behavioral health, chronic disease",https://www.nahealth.com/wp-content/uploads/2022/06/2022_prc_community_health_needs_assessment_report_-_flagstaff_medical_center.pdf,N/A,N/A
6869152,Guidance Center,2187 North Vickey Street,Flagstaff,86004-6121,AZ,,Non-Profit,N/A unable to find,,,,,,,,,
6860483,Hacienda Children's Hospital,610 West Jerome Avenue,Mesa,85210,AZ,,Non-Profit,N/A unable to find,,,,,,,,,
6860153,Havasu Regional Medical Center,101 Civic Center Lane,Lake Havasu City,86403-5683,AZ,LifePoint Health,Non-Profit,2019,List of Counties,Mohave,N/A,N/A,"outdoor recreation, mental health, provider availability","self harm and interpersonal violence, substance abuse, mental health",https://www.azkrmc.com/sites/default/files/2019-07/PinnaclePrevention_MohaveCounty_Report_Rev_8-22-19.pdf,N/A,N/A
6860437,Haven Senior Horizons,"1201 South 7th Avenue, Suite 200",Phoenix,85007-4076,AZ,Haven Behavioral Healthcare,Unable to Find,N/A unable to find,,,,,,,,,
6860325,HonorHealth Deer Valley Medical Center,19829 North 27th Avenue,Phoenix,85027-4002,AZ,HonorHealth,Non-Profit,2021,List of Zip Codes,N/A,"85086, 85085, 85024, 85027, 85022, 85023, 85029, 85053, 85308, 85310",N/A,"Access to Health Care Services, Cancer, Diabetes, Heart disease and Stroke, Injury and Violence, Mental Health, Nutrition, Physical Activity and Weight, Oral Health, Potentially Disabling Conditions, Respiratory Disease, Substance abuse ","Mental Health, Access to Health Care Services, Substance abuse, Heart disease and stroke, Diabetes, Nutrition and Weight, Respiratory disease, Cancer, Injury and violence, Potentially disabling conditions, oral health",https://www.honorhealth.com/sites/default/files/2022-02/2021-CHNA-Report-HonorHealth-DVMC.pdf,https://www.honorhealth.com/sites/default/files/2022-02/2021-CHNA-Implementation-Strategy-HH-DVMC.pdf,N/A
6860253,HonorHealth John C. Lincoln Medical Center,250 East Dunlap Avenue,Phoenix,85020-2825,AZ,HonorHealth,Non-Profit,2021,List of Zip Codes,N/A,"85023, 85022,85032, 85029, 85051, 85021, 85020, 85028, 85015, 85014",N/A,"Access to health care services, cancer, diabetes, heart disease and stroke, injury and violence, mental health, nutritional/physical and weight, oral health, potentially disabling conditions, respiratory disease, substance abuse, SDOH impact on community","Access to healthcare services, diabetes, mental health, heart diseae and stroke, cancer, nutrition/physical activity/weight, infant health and family planning, substance abuse, injury and violence, respiratory disease, tobacco use",https://onbaseext.phs.org/PEL/DisplayDocument?ContentID=PEL_00943982,https://onbaseext.phs.org/PEL/DisplayDocument?ContentID=PEL_00943982,N/A
6869156,HonorHealth Rehabilitation Hospital,8850 East Pima Center Parkway,Scottsdale,85258-4619,AZ,Select Medical Corporation,Non-Profit,2021,List of Zip Codes,N/A,"85029, 85021, 85022, 85020, 85032, 85254, 85260, 85258, 85255, 85268",N/A,"Access to health care services, cancer, diabetes, heart disease and stroke, injury and violence, mental health, nutritional/physical and weight, potentially disabling conditions, respiratory disease, substance abuse","mental health, access to health care services, substance abuse, heart disease and stroke, diabetes, nutrition, respiratory disease, cancer, injury and violence, potentially disabling conditions",https://www.honorhealth.com/sites/default/files/2022-02/2021-CHNA-Report-HonorHealth-REHAB.pdf,N/A,N/A
6860376,HonorHealth Scottsdale Osborn Medical Center,7400 East Osborn Road,Scottsdale,85251-6403,AZ,HonorHealth,Non-Profit,2021,List of Zip Codes,N/A,"85018, 85253, 85258, 85250, 85256, 85251, 85008, 85257, 85281, 85201",N/A,"Access To Healthcare Services, Cancer, Diabetes, Heart Disease & Stroke, Injury and Violence, Mental Health, Nutrition; Physical Activity & Weight, Oral Health, Potentially Disabiling Conditions, Respiratory Disease, Substance Abuse","Behavioral Health, Access to Care, Access To Healthy Food",https://www.honorhealth.com/sites/default/files/2022-02/2021-CHNA-Report-HonorHealth-SOMC-and-GSSH.pdf,https://www.honorhealth.com/sites/default/files/2022-02/2021-CHNA-Implementation-Strategy-HH-SOMC-GSSH.pdf,N/A
6860395,HonorHealth Scottsdale Shea Medical Center,9003 East Shea Boulevard,Scottsdale,85260-6771,AZ,HonorHealth,Non-Profit,2021,List of Zip Codes,N/A,"85050, 85022, 85032, 85254, 85260, 85258, 85251, 85255, 85259, 85268",N/A,"Access to health care services; cancer; diabetes; heart disease and stroke; injury and violence; mental health; nutritional, physical, and weight; potentially disabling conditions; respiratory disease; substance abuse","mental health, access to health care services, substance abuse, heart disease and stroke, diabetes, respiratory disease, cancer, injury and violence, potentially disabling conditions",https://www.honorhealth.com/sites/default/files/2022-02/2021-CHNA-Report-HonorHealth-SSMC.pdf,N/A,(480)323-3000
6860054,HonorHealth Scottsdale Thompson Peak Medical Center,7400 East Thompson Peak Parkway,Scottsdale,85255-4109,AZ,HonorHealth,Non-Profit,2021,Combination of counties and zip codes,Maricopa,"85331, 85086, 85377, 85262, 85266, 85050, 85032, 85254, 85260, 85255",N/A,"Access to Health Care Services, Access to Healthy Food, Mental Health including homelessness and substance abuse, Chronic Disease Management, Maternal and Infant Health","Access to Health Care Services, Injury and violence, Cancer, Diabetes, Heart Disease and Stroke, Nutrition, Physical Activity and Weight, Respiratory Disease, potentially disabling condtion, Mental Health including homelessness and substance abuse, Chronic Disease Management, Maternal and Infant Health",https://www.honorhealth.com/sites/default/files/2022-02/2021-CHNA-Report-HonorHealth-TPMC.pdf,https://www.honorhealth.com/sites/default/files/2022-02/2021-CHNA-Implementation-Strategy-HH-STPK.pdf,N/A
6860140,Hopi Health Care Center,Highway 264 Mile Marker 388,Keams Canyon,86042,AZ,U. S. Indian Health Service,Non-Profit,N/A unable to find,,,,,,,,,
6860350,Huhukam Memorial Hospital,483 West Seed Farm Road,Sacaton,85147,AZ,,Non-Profit,N/A unable to find,,,,,,,,,
6860150,Kingman Regional Medical Center,3269 North Stockton Hill Road,Kingman,86409-3691,AZ,,Non-Profit,2022,List of Counties,Mohave,N/A,N/A,"Substance Use Disorders; Job Opportunities/Income/Poverty; Mental/Emotional Health Issues (dementia, depression, suicide); Housing/Homelessness; Education/Schools; Crime (theft, littering, graffiti, noise); Air/Water/Environment; Nutrition; Social Determinants of Health Social Connection/Sense of Community; Chronic Disease (cancer, diabetes, asthma); Violent Crime (domestic violence, child abuse); Transportation; Racism/Discrimination (age, sex, race, sexual orientation); Obesity; Dental/Oral Health Issues; Injury (falls, vehicle accidents, other injuries); Infectious Diseases (flu, sexually transmitted diseases, Covid-19); Teen Pregnancy","Substance Use, Job Opportunities/Poverty, Mental/Emotional Health Issues, Chronic Disease, Motor Vehicle Injuries, Access to Care, Cancer",https://www.azkrmc.com/sites/default/files/2022-06/Mohave%20CHNA%20Report%20Final%2022-05-22.pdf,https://www.azkrmc.com/sites/default/files/2022-06/Kingman%20Regional%20Medical%20Center%20Community%20Health%20Needs%20Implementation%20Strategies%20(2022-2025)%20Final%20Draft%5B2%5D.pdf,N/A
6860205,La Paz Regional Hospital,1200 West Mohave Road,Parker,85344-6349,AZ,,Non-Profit,2020,List of Counties,La Paz,N/A,N/A,"economic security at all ages, quality & affordable elder care, coordinated service networks, safety and well-being of vulnerable populations, volunteerism, improve and expand health care services and access to services, connectivity","economic security at all ages, quality & affordable elder care, coordinated service networks, safety and well-being of vulnerable populations, volunteerism, improve and expand health care services and access to services, connectivity",https://www.lapazhospital.org/docs/LPRH_CHNA_2020f.pdf,N/A,N/A
6860570,Little Colorado Medical Center,1501 Williamson Avenue,Winslow,86047-2797,AZ,,,2020,Combination of counties and zip codes,"Navajo, Coconino","86047, 86035, 86031, 86025",N/A,"Low Income and Poverty, Mental and Behavioral Health, Substance Use Disorder, Senior Health Care, Obesity and Diabetes, Health Provider Shortage","Alcohol Use and Drug Disorder, Health Provider Shortages, Chronic Health Issues, Socio-economic Conditions, COVID-19 pandemic",https://www.lcmcwmh.com/file/94894c45-62d1-4538-b108-913e2cd891a6,https://www.lcmcwmh.com/file/4d2dd6ed-3414-4220-90a4-56e11fde4ac1,N/A
6860031,Los Ninos Hospital,2303 East Thomas Road,Phoenix,85016-7827,AZ,,,N/A unable to find,,,,,,,,,
6860255,Maricopa Integrated Health System,2601 East Roosevelt Street,Phoenix,85008-4956,AZ,,Non-Profit,2020,"Combination of counties, zip codes, and places",Maricopa,"85001, 85002,85003,85004, 85005,85006,85006,86007,85008,85009,85012,85013,85014, 85015,85016,85018,85018,85019,85020,85021,85022,85023,85024, 85027, 85028, 85029, 85031, 85031, 85032, 85033, 85034, 86035, 85036, 85037, 85040, 85041, 85042, 85043, 85044, 85045, 85048, 85050, 85051, 85053, 85054, 85060, 85063, 85064, 85066, 85067, 85069, 85071, 85074, 86080, 85082, 85083,  85085, 85086, 85087, 86119, 85120, 85122, 85123, 85128, 85131, 86132, 85136, 85139, 85140, 85142, 85143, 85194, 85201, 85202, 85203, 85204, 85205, 85206, 85207, 85208, 85209, 85210, 85211, 85212, 85213, 85214, 85215, 85224, 85225, 85226, 85233, 85234, 85244, 85248, 85249, 85250, 85251, 85254, 85255, 85256, 85257, 85258, 85259, 85260",Phoenix ,"Pain, Diabetes, High Blood Pressure/Stroke, Overweight","Pain, Diabetes, High Blood Pressure/Stroke, Overweight",https://valleywisehealth.org/wp-content/uploads/2020/06/Community-Needs-Assessment-2020-04.pdf,N/A,N/A
6860019,Mayo Clinic Hospital,5777 East Mayo Boulevard,Phoenix,85054-4502,AZ,Mayo Clinic,Non-Profit,2022,List of Counties,Barron,N/A,N/A,"Mental health, substance abuse & alcohol misuse, chronic disease prevention, obesity  ","Mental health, substance abuse & alcohol misuse, chronic disease prevention, obesity, covid-19 ",https://www.mayoclinichealthsystem.org/-/media/shared-files/documents/chna/2022-chna-reports/2022-mchs-northland-chna-report.pdf?la=en&hash=9403CA4EB4578BEDA75E0BEFAD3A2F3D,https://www.co.barron.wi.us/misc%20docs/PublicHealth/2019-2021%20Barron%20County%20CHIP-%20FINAL.pdf,N/A
6860051,Mercy Gilbert Medical Center,3555 South Val Vista Road,Gilbert,85297-7323,AZ,CommonSpirit Health,,2019,List of Counties,Maricopa,N/A,N/A,"Access to Care, Mental/Behavioral Health, Diabetes, Breast Cancer, Injury Prevention, Social Determinants of Health","Access to Care, Mental/Behavioral Health, Diabetes, Breast Cancer, Injury Prevention, Social Determinants of Health",https://www.dignityhealth.org/content/dam/dignity-health/pdfs/arizona/az-mercy-gilbert-report19.pdf,https://www.dignityhealth.org/content/dam/dignity-health/pdfs/arizona/mgmc-implementation-strategy7-17-19.pdf,CHNA-Mercy@DignityHealth.org
6860053,Mountain Valley Regional Rehabilitation Hospital,3700 North Windsong Drive,Prescott Valley,86314-1253,AZ,"Ernest Health, Inc.",,N/A unable to find,,,,,,,,,
6860047,Mountain Vista Medical Center,1301 South Crismon Road,Mesa,85209-3767,AZ,"Steward Health Care System, LLC",Non-Profit,N/A unable to find,,,,,,,,,
6860360,Mt. Graham Regional Medical Center,1600 South 20th Avenue,Safford,85546-4097,AZ,,Non-Profit,2019,Combination of counties and places,"Graham, Greenlee",N/A,Bylas,"treatment and services for substance abuse, treatment and services associated with mental health, diabetes, opportunities for wellness","substance abuse, mental health, diabetes, wellness ",https://www.mtgraham.org/wp-content/uploads/2021/06/2019-CHNA-document.docx,https://www.mtgraham.org/wp-content/uploads/2021/06/2019-CHNA-document.docx,ryanr@mtgraham.org
6860540,Northern Arizona Veterans Affairs Health Care System,500 Highway 89 North,Prescott,86313-5000,AZ,Department of Veterans Affairs,Non-Profit,N/A unable to find,,,,,,,,,
6860562,Northern Cochise Community Hospital,901 West Rex Allen Drive,Willcox,85643-1009,AZ,,Non-Profit,2021,"Combination of counties, zip codes, and places",Cochise,"85643, 85625, 85644, 85606, 85605, 85632","Willcox, Pearce, Cochise, Bowie, San, Simon","More mental/behavioral health services, Better access to transportation to health and social services, Better access to healthier foods, Improved information and referral to health and social services, Improved access to primary care, Improved local access to specialty services, Economic development, Wellness","Mental Health and Substance Abuse/Misuse and Aging Concerns, Good Jobs and a Healthy Economy, Mental Health and Substance Abuse/Misuse, Good Jobs and a Healthy Economy, Healthy Aging, Healthy Eating",https://www.tmcaz.com/northern-cochise-community-hospital/_assets/documents/chna_2021-2023.pdf,https://www.tmcaz.com/northern-cochise-community-hospital/_assets/documents/ncch_chna_implementation_plan_2021.pdf,JSmith@ncch.com
6864010,Northwest Medical Center,6200 North La Cholla Boulevard,Tucson,85741-3599,AZ,"Community Health Systems, Inc.",Non-Profit,N/A unable to find,,,,,,,,,
6860476,Oasis Behavioral Health - Chandler,2190 North Grace Boulevard,Chandler,85225-3416,AZ,"Acadia Healthcare Company, Inc.",Non-Profit,N/A unable to find,,,,,,,,,
6869151,Oasis Hospital,750 North 40th Street,Phoenix,85008-6486,AZ,,Non-Profit,2022,Combination of counties and zip codes,Maricopa,"86004, 86336, 86001, 86351, 86314, 86401, 86305, 86323, 85325, 86303, 86327, 86315, 85541, 86409, 85138, 86322, 85139, 86005, 86426, 85901",N/A,"mental health; chronic health conditions: obesity, diabetes, CVDs; addition/substance abuse; cancer; affordable housing / homelessness; access to healthcare; maternal & child health; financial security; food insecurity; safety & violence; unintentional injuries","mental & behavioral health, chronic health conditions, addiction/subtsance use, cancer, housing/homelessness, access to healthcare, food insecurity, safety & violence ",https://oasishospital.com/wp-content/uploads/2022/07/Final-Dignity-Health-JV-Report-1.pdf,n/a,N/A
6860035,Oro Valley Hospital,1551 East Tangerine Road,Oro Valley,85755-6213,AZ,"Community Health Systems, Inc.",Non-Profit,N/A unable to find,,,,,,,,,
6860215,Page Hospital,501 North Navajo Drive,Page,86040,AZ,Banner Health,Non-Profit,2019,Combination of counties and places,Coconino,N/A,Page,"access to care, chronic disease and management, behavioral health ","access to care, chronic disease management, behavioral health",https://www.bannerhealth.com/-/media/files/project/bh/chna-reports/2019/arizona/page-hospital--2019-chna-report.ashx,https://www.bannerhealth.com/-/media/files/project/bh/chna-reports/2019/implementation-strategies.ashx,CHNA.CommunityFeedback@bannerhealth.com
6860445,Palo Verde Behavioral Health,2695 North Craycroft Road,Tucson,85712-2244,AZ,"Universal Health Services, Inc.",Non-Profit,2021,Combination of counties and places,Pima ,N/A,"Tuscon, South Tuscon, Marana, Oro Valley, Sahuarita, Tribal nations","Behavioral and Mental Health, Substance Use Disorder, Access to care, Social determinants of health, Infectious Disease","Behavioral and Mental Health, Substance Use Disorder, Access to care, Social determinants of health, Infectious Disease",https://www.tmcaz.com/assets/documents/community/2021-pima-county-community-health-needs-assessment.pdf,https://www.tmcaz.com/assets/documents/community/tmc-health-2021-chna-implementation-strategy.pdf,N/A
6860210,Phoenix Children's Hospital,1919 East Thomas Road,Phoenix,85016-7710,AZ,Phoenix Children's Foundation,Non-Profit,2022,"Combination of counties, zip codes, and places",Maricopa ,"86004, 86336, 86001, 86351, 86314, 86401, 86305, 86323, 85325, 86303, 86327, 86315, 85541, 86409, 85138, 86322, 85139, 86005, 86426, 85901","Aguila, Arlington, Avondale, Buckeye, Carefree, Cashion, Cave Creek, Chandler, El Mirage, Fort Mcdowell, Fountain Hills, Gila Bend, Gilbert, Glendale, Goodyear, Higley, Laveen, Litchfield Park, Mesa, Morristown, New River, Palo Verde, Paradise Valley, Peoria, Phoenix, Queen Creek, Rio Verde, Scottsdale, Sun City, Sun City West, Surprise, Tempe, Tolleson, Tonopah, Waddell, Wickenburg, Wittmann, Youngtown","Access to care, behavioral health, injury prevention (intentional/unintentional)","Access to care, behavioral health, injury prevention (intentional/unintentional)",https://www.phoenixchildrens.org/files/inline-files/Phoenix%20Children's%20Community%20Health%20Needs%20Assessment%20-%2020222025.pdf,https://www.phoenixchildrens.org/files/inline-files/Phoenix%20Children's%20Community%20Health%20Needs%20Assessment%20-%202022-2025.pdf,N/A
6860310,Phoenix Veterans Affairs Health Care System,650 East Indian School Road,Phoenix,85012-1892,AZ,Department of Veterans Affairs,,N/A unable to find,,,,,,,,,
6860034,Promise Hospital of Phoenix,433 East 6th Street,Mesa,85203-7104,AZ,Promise Healthcare,,N/A unable to find,,,,,,,,,
6860486,Quail Run Behavioral Health,2545 West Quail Avenue,Phoenix,85027-2418,AZ,,,N/A unable to find,,,,,,,,,
6860100,Sage Memorial Hospital,Highway 264,Ganado,86505,AZ,,Non-Profit,2019,Combination of counties and places,"Navajo, Apache",N/A,"Cornfields, Ganada, Kinlichee, Klagetoh, Greasewood Springs, Steamboat, Wide Ruins, Nazlini","Behavorial Health, Pediatric Care, Obesity Prevention, Accessbility to Health Care Services, Diabetic care and Prevention","Behavorial Health and Substance Abuse Treatment, Pediatric Care, Obesity Prevention, Geographic Accessbility of health care services, Diabetic care and prevention",https://sagememorial.com/wp-content/uploads/2021/05/2019-FINAL-Community-Health-Needs-Assessment-and-Implementation-Plan.pdf,https://sagememorial.com/wp-content/uploads/2021/05/2019-FINAL-Community-Health-Needs-Assessment-and-Implementation-Plan.pdf,N/A
6860370,San Carlos Apache Healthcare Corporation,103 Medicine Way Road,Peridot,85542,AZ,U. S. Indian Health Service,,N/A unable to find,,,,,,,,,
6860479,Santa Cruz Valley Regional Hospital,4455 South I-19 Frontage Road,Green Valley,85614,AZ,,,N/A unable to find,,,,,,,,,
6860454,Scottsdale Liberty Hospital,17500 North Perimeter Drive,Scottsdale,85255-7808,AZ,Nobilis Health Corporation,,N/A unable to find,,,,,,,,,
6860008,Select Specialty Hospital-Phoenix,"350 West Thomas Road, 3rd Floor Main",Phoenix,85013-4409,AZ,Select Medical Corporation,,N/A unable to find,,,,,,,,,
6860049,Select Specialty Hospital-Phoenix Downtown,"1012 East Wiletta Street, 4th Floor",Phoenix,85006,AZ,Select Medical Corporation,Non-Profit,N/A unable to find,,,,,,,,,
6860002,Sierra Tucson,39580 South Lago Del Oro Parkway,Tucson,85739-1091,AZ,"CRC Health Group, Inc.",For-Profit,N/A unable to find,,,,,,,,,
6860261,Sonora Behavioral Health Hospital,"6050 North Corona Road, #3",Tucson,85704-1096,AZ,"Acadia Healthcare Company, Inc.",Unable to Find,N/A unable to find,,,,,,,,,
6860520,Southern Arizona Veterans Affairs Health Care System,3601 Sout 6th Avenue,Tucson,85723-0002,AZ,Department of Veterans Affairs,Non-Profit,N/A unable to find,,,,,,,,,
6860280,St. Joseph's Hospital and Medical Center,350 West Thomas Road,Phoenix,85013-4496,AZ,CommonSpirit Health,Non-Profit,N/A unable to find,,,,,,,,,
6860246,St. Luke's Behavioral Health Center,1800 East Van Buren,Phoenix,85006-3742,AZ,"Steward Health Care System, LLC",Unable to Find,N/A unable to find,,,,,,,,,
6860290,St. Luke's Medical Center,1800 East Van Buren Street,Phoenix,85006-3742,AZ,"Steward Health Care System, LLC",Unable to Find,N/A unable to find,,,,,,,,,
6860373,Summit Healthcare Regional Medical Center,2200 East Show Low Lake Road,Show Low,85901-7800,AZ,,Non-Profit,2020,List of Counties,Navajo,N/A,N/A,"Substance Abuse, Poverty, Mental and Behavioral Health, Chronic Disease Management, Sexually Transmitted Diseases ","Substance Abuse, Poverty, Mental and Behavioral Health, Chronic Disease Management, Sexually Transmitted Diseases ",https://summithealthcare.net/wp-content/uploads/2021/02/2019-2020-CHNA-2020-Annual-Report-Update.pdf,https://summithealthcare.net/wp-content/uploads/2018/11/CHIP-Report-10-15-18.pdf,N/A
6860029,The CORE Institute Specialty Hospital,6501 North 19th Avenue,Phoenix,85015-1646,AZ,,,N/A unable to find,,,,,,,,,
6860020,TMC HealthCare,5301 East Grant Road,Tucson,85712-2874,AZ,,Non-Profit,2021,Combination of counties and places,Pima,N/A,"South Tucson, Tucson, Marana, Oro Valley, Sahuarita","Behavioral and Mental Health, Substance Use Disorder, Access to Care, Social Determinants of Health, Impact of the COVID-19 Pandemic","Behavioral and Mental Health, Substance Use Disorder, Access to Care",https://www.tmcaz.com/assets/documents/community/2021-pima-county-community-health-needs-assessment.pdf,https://www.tmcaz.com/assets/documents/community/tmc-health-2021-chna-implementation-strategy.pdf,communications@tmcaz.com
6860090,Tsehootsooi Medical Center,Highway 12 & Bonito Drive,Fort Defiance,86504,AZ,,Non-Profit,2019,Combination of counties and places,Apache,N/A,"Fort Defiance, Sanders","Behavioral Health Services, Unintentional Injuries, Access to Health Services, Transportation Improvement, Targeted Health Promotion Disease Prevention Activities, Prevent and Treatment of Chronic health conditions, Safe Places to Exercise, Access to Healthy Foods","Behavioral Health Services, Access to Health Services, Targeted Health Promotion Disease Prevention Activies, Prevent and Treatment of Chronic Health Conditions",https://www.fdihb.org/documents/FDIHBInc_Community_Health_Needs_Assessment_2021-2022.pdf,N/A,N/A
6860410,Tuba City Regional Health Care Corporation,167 Main Street,Tuba City,86045-0611,AZ,,Non-Profit,2021,Combination of counties and places,Coconino,N/A,"Cameron, Coalmine Canyon, Coppermine, Dinnebito (Hard Rock Chapter), Gap-Bodaway, Kaibeto, LeChee, Tonalea, Tuba City, San Juan Southern Paiute Community, Hopi Village of Moencopi","COVID-19, Adult & Childhood Obesity, Diabetes, Hypertension & Heart Disease, Mood Disorders, Substance Abuse, Suicide, Unintentional Injuries, Access to Care, Patient Centered Medical Home, Telehealth & Telemedicine, Utilities, Housing, Employment, Food Access & Transportation, Internet/Information Access","COVID-19, Underlying Health Conditions, Access to Care, Social Determinants of Health, Health Behaviors",https://tchealth.org/community-health/pdf/community-health-assessment_booklet-2021.pdf,N/A,1-866-976-5941
6860220,U. S. Public Health Service Indian Hospital,12033 Agency Road,Parker,85344-7718,AZ,U. S. Indian Health Service,,N/A unable to find,,,,,,,,,
6860369,U. S. Public Health Service Indian Hospital-Sells,Highway 86 & Topawa Road,Sells,85634,AZ,U. S. Indian Health Service,,N/A unable to find,,,,,,,,,
6860550,U. S. Public Health Service Indian Hospital-Whiteriver,200 West Hospital Drive,Whiteriver,85941-0860,AZ,U. S. Indian Health Service,Unable to Find,2020,List of Places,N/A,N/A,"Lakeside, Show Low, Liden, White mountain Lake","Substance Abuse, Mental Health/Emotional Health, Chronic Disease Management, Poverty, Sexually transmitted diseases",Substance Abuse,https://summithealthcare.net/wp-content/uploads/2021/02/2019-2020-CHNA-2020-Annual-Report-Update.pdf,https://summithealthcare.net/wp-content/uploads/2021/02/2019-2020-CHNA-2020-Annual-Report-Update.pdf,N/A
6860260,U. S. Public Health Service Phoenix Indian Medical Center,4212 North 16th Street,Phoenix,85016-5389,AZ,U. S. Indian Health Service,Unable to Find,N/A unable to find,,,,,,,,,
6860264,Valley Hospital Phoenix,3550 East Pinchot Avenue,Phoenix,85018-7434,AZ,"Universal Health Services, Inc.",Unable to Find,N/A unable to find,,,,,,,,,
6860046,Valley View Medical Center,5330 South Highway 95,Fort Mohave,86426-9225,AZ,LifePoint Health,Non-Profit,N/A unable to find,,,,,,,,,
6860040,Verde Valley Medical Center,269 South Candy Lane,Cottonwood,86326-4170,AZ,Northern Arizona Healthcare,Non-Profit,2022,List of Zip Codes,N/A,"86324, 86336, 86331, 86326, 86351, 86325, 86335, 86322",N/A,"access to health care services; cancer; heart disease & stroke; injury & violence; mental health; nutrition, physical activity, & weight gain; potentially diasbling conditions; respiratory disease (including COVID-19); sexual health; substance abuse","mental health; substance abuse; accss to healthcare services; heart disease & stroke; nutrition, physical activity, & weight; cancer; respiratory disease; infant health & family planning; sexual health",https://www.nahealth.com/sites/default/files/2022_prc_community_health_needs_assessment_report_-_verde_valley_medical_center.pdf,N/A,N/A
6860045,Western Arizona Regional Medical Center,2735 Silver Creek Road,Bullhead City,86442-8303,AZ,"Community Health Systems, Inc.",Non-Profit,N/A unable to find,,,,,,,,,
6860262,Western Regional Medical Center,14200 West Celebrate Life way,Goodyear,85338-3005,AZ,Cancer Treatment Centers of America,Non-Profit,N/A unable to find,,,,,,,,,
6860374,White Mountain Regional Medical Center,118 South Mountain Avenue,Springerville,85938-5104,AZ,Arizona Critical Access Hospitals (AzCAHs),Non-Profit,N/A unable to find,,,,,,,,,
6860560,Wickenburg Community Hospital,520 Rose Lane,Wickenburg,85390-1447,AZ,N/A,Non-Profit,2019,Combination of zip codes and places,N/A,"85390, 85332, 85362, 85348, 85390, 85332, 85362","Wickenburg, Congress, Yarnell, Salome, Kirkland, Morristown, Wittman","Aging problems, Heart Disease/Stroke, Availible Medical Services, Diabetes, High Blood Pressure","Aging problems, Heart Disease/Stroke, Availible Medical Services, Diabetes, High Blood Pressure",https://www.wickhosp.com/wp-content/uploads/2020/06/2019-CHNA-Report.pdf,https://www.wickhosp.com/wp-content/uploads/2023/06/2022-IMPLEMENTATION-STRATEGY_05.17.23.pdf,N/A
6869153,Windhaven Psychiatric Hospital,3347 North Windsong Drive,Prescott Valley,86314-2283,AZ,Polara Health,Non-Profit,2022,List of Counties,"Apache,Cochise,Coconino,Gila,Greenlee,Maricopa,Mochave,Navajo,Pima,Pinal,Yavapai",N/A,N/A,"Group therapy, Individual therapy provided by a licensed therapist, indoor and outdoor activity groups, involvement in therapeutic community living, vocational services to include assistance with state agencies, medication monitoring, RN Assessment upon admission, medical admission orders, psychiatric evaluation and acre as needed, physical health services as needed","Group therapy, Individual therapy provided by a licensed therapist, indoor and outdoor activity groups, involvement in therapeutic community living, vocational services to include assistance with state agencies, medication monitoring, RN Assessment upon admission, medical admission orders, psychiatric evaluation and acre as needed, physical health services as needed",https://static1.squarespace.com/static/641cdb99a1fef46a48846e0c/t/646663fd8287a208c00d84ae/1684431876515/2022+Community+Health+Needs+Assessment+Polara+Health.pdf,N/A,N/A
6860320,Yavapai Regional Medical Center,1003 Willow Creek Road,Prescott,86301-1668,AZ,Dignity Health,Non-Profit,2023,Combination of counties and zip codes,Yavapai,"85320, 85324, 85332, 85342, 85362, 85390, 85544, 86301, 86302, 86303, 86305, 86312, 86313, 86314, 86315, 86320, 86321, 86322, 86323, 86324, 86325, 86326, 86327, 86329, 86330, 86331, 86332, 86333, 86334, 86335, 86336, 86337, 86338, 86340, 86341, 86342, 86343, 86351, 86434",N/A,Shortage of primary care physicians; Lack of mental health providers/resources; High cost of health care; Lack of health knowledge/education; Poverty/inadequate financial resources; Poor health behaviors/lifestyle; Substance abuse,"Health behaviors, lifestyle changes, lack of primary care physicians, lack of health knowledge, physical activity, lack of mental health providers",https://www.yrmc.org/docs/default-source/default-document-library/chna-yrmc---6.13.23.pdf?sfvrsn=a80a8b19_6,https://www.yrmc.org/docs/default-source/support-and-community/dignity-health-yrmc-community-benefit-2021-report-and-2022-plan.pdf?sfvrsn=509a8e19_3,N/A
6860595,Yuma Regional Medical Center,2400 South Avenue 'A',Yuma,85364-7170,AZ,,Non-Profit,2022,List of Counties,Yuma,N/A,N/A,"Mental health; Access to healthcare services; Diabetes; Substance abuse; Heart disease & stroke; Nutrition, physical activity & weight; Cancer","Mental health; Access to healthcare services; Diabetes; Substance abuse; Heart disease & stroke; Nutrition, physical activity & weight; Cancer",https://www.yumaregional.org/wp-content/uploads/2023/03/2022-Community-Health-Needs-Assessment-CHNA-Yuma-County-AZ.pdf,https://www.yumaregional.org/wp-content/uploads/2023/03/CHIP-2022-23.pdf,N/A
6860032,"Yuma Rehabilitation Hospital, a Partnership of Encompass Health and YRMC",901 West 24th Street,Yuma,85364-6384,AZ,Encompass Health Corporation,Unable to Find,2022,Combination of counties and zip codes,Yuma,"85333, 85336, 85347, 85349, 85350, 85352, 85356, 85364, 85365, 85366, 85367, 85369, 92222, 92283",N/A,"Access to health care services; Cancer; Diabetes; Heart disease & stroke; Housing; Infant health & family planning; Injury & violence; Mental health; Nutrition, physical activity & weight; Oral health; Potentially disabling conditions; Respiratory disease; Substance abuse; Tobacco use","Access to health care services; Cancer; Diabetes; Heart disease & stroke; Infant health & family planning; Injury & violence; Mental health; Nutrition, physical activity & weight; Oral health; Potentially disabling conditions; Respiratory disease; Substance abuse; Tobacco use",https://encompasshealth.com/-/media/healthsouth/project/healthsouth/locations/yumarehab-03016500/2022-prc-chna-report-sept-2022---yuma-county-az-pdf.pdf?la=en&hash=CE5D8D61F6BA97AC9490CBDDD1215D34D626B4DA,https://encompasshealth.com/-/media/healthsouth/project/healthsouth/locations/yumarehab-03016500/yuma-rehabilitation-hospital-chip-pdf.pdf?la=en&hash=55AD1903F0938A360F24F5C0075532FE01DF1A98,N/A
