ID,Healthcare_Name,Street_Address,City,Zipcode,State,Associated_Health_System,Non-Profit_Status,CHNA_Year,Service_Area_Type,Service_Area_Counties,Service_Area_Zip,Service_Area_Places,Health_Needs,Health_Priorities,CHNA_URL,Implementation_URL,Contact
6720011,Abbeville General Hospital,118 North Hospital Drive,Abbeville,70510-4077,LA,,Non-Profit,2019,List of Counties,Vermilion,N/A,N/A,"Access to Primary & Specialty Care, Prevention & Management of Chronic Care Issues, Modification of Health Behaviors","Access to Primary & Specialty Care, Prevention & Management of Chronic Care Issues, Modification of Health Behaviors",https://www.abbevillegeneral.com/wp-content/uploads/2019-CHNA-Updated-Word.docx,N/A,N/A
6720319,Abrom Kaplan Memorial Hospital,1310 West Seventh Street,Kaplan,70548-2910,LA,Lafayette General Health,Non-Profit,2020,List of Counties,Vermilion,N/A,N/A,"Access to Care, Cancer, Health Literacy, Heart Disease & Stroke, Nutrition & Weight Status, Mental Health/Behavioral Health, Physical Activity, Maternal & Child Health, Diabetes","Chronic Disease, Care for Older Adults, Social Determinants of Health, Behavioral Health, Obesity",https://ochsnerlg.org/sites/default/files/2020-09/SP5630-LGH-Abrom%20Kaplan%20Memorial%20Hospital-CHNA-Mar20-ADOPTED.pdf,https://ochsnerlg.org/sites/default/files/SP5630-LGH-AKMH-CHNA-Implementation%20Strategy-2020-ADOPTED.pdf,chuval@lgh.org
6720200,Acadia General Hospital,1305 Crowley Rayne Highway,Crowley,70526-8202,LA,Lafayette General Health,Non-Profit,2019,List of Counties,Acadia,N/A,N/A,"Cancer, Heart Disease, Obesity, Substance Abuse, Diabetes, Social and Cultural Determinants","Heart Disease and Risk Factors, Social Determinants of Health, Access to Care, Mental Health and Substance Abuse, Weight Status",https://ochsnerlg.org/sites/default/files/2019-09/SP3726-LGH-AGH-CHNA-ADOPTED-9.17.19.pdf,https://ochsnerlg.org/sites/default/files/2020-05/Implementation%20Strategy%20for%20AGH%20-%201.9.20.pdf,chuval@lgh.org
6720154,Acadia-St. Landry Hospital,810 South Broadway Street,Church Point,70525-4497,LA,,Unable to find,N/A unable to find,,,,,,,,,
6720091,Accord Rehabiliation Hospital,59213 Riverwest Drive,Plaquemine,70764-6552,LA,,Unable to find,N/A unable to find,,,,,,,,,
6720070,Alexandria Veterans Affairs Health Care System,"2495 Shreveport Highway, 71 N",Pineville,71360-4044,LA,Department of Veterans Affairs,Unable to find,N/A unable to find,,,,,,,,,
6729132,Allegiance Behavioral Health Centers of Monroe,"222 Bell Lane, Suite 3",West Monroe,71291-6302,LA,,For-Profit,N/A unable to find,,,,,,,,,
6720324,Allen Parish Community Healthcare,108 Sixth Avenue,Kinder,70648-3187,LA,,Public,N/A unable to find,,,,,,,,,
6729130,AMG Physical Rehabilitation Hospital,"5025 Keystone Boulevard, Suite 200",Covington,70433,LA,AMG Integrated Healthcare Management,For-Profit,N/A unable to find,,,,,,,,,
6720369,AMG Specialty Hospital-Houma,629 Dunn Street,Houma,70360-4707,LA,AMG Integrated Healthcare Management,For-Profit,N/A unable to find,,,,,,,,,
6720065,AMG Specialty Hospital-Lafayette,310 Youngsville Highway,Lafayette,70508-4524,LA,AMG Integrated Healthcare Management,For-Profit,N/A unable to find,,,,,,,,,
6720719,AMG Specialty Hospital-Zachary,"4601 McHugh Road, Building B",Zachary,70791-5348,LA,AMG Integrated Healthcare Management,For-Profit,N/A unable to find,,,,,,,,,
6729131,Apollo Behavioral Health Hospital,9938 Airline Highway,Baton Rouge,70816-8193,LA,,Unable to find,N/A unable to find,,,,,,,,,
6720495,Assumption Community Hospital,135 Highway 402,Napoleonville,70390-2217,LA,"Franciscan Missionaries of Our Lady Health System, Inc.",Unable to find,2021,Combination of counties and places,Assumption,n/a,"Labadieville, Paincourtville, Plattenville, Bertrandville, Belle Rose, Pierre Part, Bayou L'Ourse, Napoleonville","Mental Health Services, Diabetes, Obesity, Access to Cancer Screenings","Mental / Behavioral Health, Cancer Screenings,  Access to Care / Transportation ",https://ololrmc.com/about-us/assumption-community-hospital/community-benefit/community-health-needs-assessment,N/A, Letonia.Howard@fmolhs.org
6720192,Avala,67252 Industry Lane,Covington,70433-8704,LA,,Unable to find,N/A unable to find,,,,,,,,,
6720410,Avoyelles Hospital,4231 Highway 1192,Marksville,71351-4711,LA,,Unable to find,N/A unable to find,,,,,,,,,
6720049,Bastrop Rehabilitation Hospital,4310 South Grand Street,Monroe,71202-6322,LA,,Unable to find,N/A unable to find,,,,,,,,,
6720184,Baton Rouge Behavioral Hospital,4040 North Boulevard,Baton Rouge,70806-3829,LA,,Unable to find,N/A unable to find,,,,,,,,,
6720042,Baton Rouge General Medical Center,8585 Picardy Avenue,Baton Rouge,70809-3679,LA,,Non-Profit,2021,List of Counties,"East Baton Rouge, Ascension, Livingston, St. Helena, West Feliciana, Point Coupee, West Baton Rouge",N/A,N/A,"Health Equity/Racial Disparities, Behavioral Health, Social Determinants of Health, Violence Prevention, Maternal and Infant Health, Healthy Living/Lifestyle, Pediatric and Adolescent Health, Sexually Transmitted Infections/HIV/Hepatitis C, Public Health emergency Preparedness, Chronic Disease ","Healthy living, STI/HIV, Access to care",https://www.brgeneral.org/documents/content/CHNA-2022-final-file-3-23-22-spread.pdf,N/A,Healthybr@brla.gov
6720005,Baton Rouge Rehabilitation Hospital,8595 United Plaza Boulevard,Baton Rouge,70809-2251,LA,,Unable to find,N/A unable to find,,,,,,,,,
6720241,Bayne-Jones Army Community Hospital,"1585 3rd Street, Building 283",Fort Polk,71459-5102,LA,"Department of the Army, Office of the Surgeon General",Public,N/A unable to find,,,,,,,,,
6720387,Beacon Behavioral Hospital - New Orleans,"14500 Hayne Boulevard, Suite 200",New Orleans,70128-1751,LA,,Unable to find,N/A unable to find,,,,,,,,,
6729129,Beacon Behavioral Hospital,2471 Louisiana Avenue,Lutcher,70071-5413,LA,,Unable to find,N/A unable to find,,,,,,,,,
6720717,Beacon Behavioral Hospital,323 Evergreen Street,Bunkie,71322-1307,LA,Beacon Health System,Unable to find,N/A unable to find,,,,,,,,,
6720363,Beacon Behavioral Hospital Northshore,"64026 Highway 434, Suite 300",Lacombe,70445-5417,LA,,Unable to find,N/A unable to find,,,,,,,,,
6720217,Beauregard Health System,600 South Pine Street,De Ridder,70634-4942,LA,,Unable to find,N/A unable to find,,,,,,,,,
6720362,Bethesda Rehabilitation Hospital,"8225 Summa Avenue, Suite B",Baton Rouge,70809-3422,LA,,Unable to find,N/A unable to find,,,,,,,,,
6720183,Bienville Medical Center,"1175 Pine Street, Suite 200",Arcadia,71001-3122,LA,Allegiance Health Management,Unable to find,N/A unable to find,,,,,,,,,
6720074,Bliant Specialty Hospital,3601 Loyola Drive,Kenner,70065-1797,LA,,Unable to find,N/A unable to find,,,,,,,,,
6720022,Brentwood Hospital,1006 Highland Avenue,Shreveport,71101-4103,LA,"Universal Health Services, Inc.",Unable to find,N/A unable to find,,,,,,,,,
6720072,Bridgepoint Continuing Care Hospital,"1101 Medical Center Boulevard, 7th Floor",Marrero,70072-3147,LA,,For-Profit,N/A unable to find,,,,,,,,,
6720143,Bunkie General Hospital,427 Evergreen Highway,Bunkie,71322,LA,,Non-Profit,N/A unable to find,,,,,,,,,
6720380,Byrd Regional Hospital,1020 West Fertitta Boulevard,Leesville,71446-4645,LA,Allegiance Health Management,For-Profit,N/A unable to find,,,,,,,,,
6720158,Caldwell Memorial Hospital,411 Main Street,Columbia,71418-6704,LA,,Non-Profit,N/A unable to find,,,,,,,,,
6720720,Central Louisiana State Hospital,242 West Shamrock Avenue,Pineville,71360-6439,LA,Louisiana State Hospitals,Non-Profit,N/A unable to find,,,,,,,,,
6720500,Central Louisiana Surgical Hospital,651 North Bolton Avenue,Alexandria,71301-7449,LA,,For-Profit,N/A unable to find,,,,,,,,,
6720520,Children's Hospital,200 Henry Clay Avenue,New Orleans,70118-5720,LA,LCMC Health,Unable to find,2021,List of Counties,"Jefferson, Orleans, Plaquemines, St. Bernard, St. Charles, St. James, St. John the Baptist, St. Tammany",N/A,N/A,"Access to care, Continuity of care, Health education, Health Literacy, Health equity, Discrimination, Mental and Behavioral health","Access to care, Continuity of care, Health education, Health Literacy, Health equity, Discrimination, Mental and Behavioral health",https://www.chnola.org/images/Final_CHNA_GNOhospitals_12-21-2021.pdf,https://www.chnola.org/images/Final_CHNA_GNOhospitals_12-21-2021.pdf,CommunityOutreach@ochsner.org
6720170,CHRISTUS Coushatta Health Care Center,1635 Marvel Street,Coushatta,71019-9022,LA,CHRISTUS Health,Non-Profit,2023,List of Counties,"Bienville, Natchitoches, Red River",N/A,N/A,"Mental and Behavioral Health, Access to Care, Social Determinants of Health","Mental and Behavioral Health, Access to Care, Social Determinants of Health ",https://www.christushealth.org/-/media/christus-health/connect-with-christus/files/community-involvement-and-commitment/st-francis-coushatta/sfchs_coushatta_chna_2023.ashx,https://www.christushealth.org/-/media/christus-health/connect-with-christus/files/community-involvement-and-commitment/st-francis-coushatta/sfchs_coushatta_chip_2023.ashx,communityhealthneedsassessment@christushealth.org
6720046,CHRISTUS Dubuis Hospital of Alexandria,"3330 Masonic Drive, 4th Floor",Alexandria,71301-3841,LA,LHC Group,,2019,List of Places,"Allen, Avoyelles, Bienville, Evangeline, Grant, Rapides, Red River, Vernon",N/A,N/A,"Chronic Diseases and Conditions, Access to Care, Cost of Medications","Chronic Diseases and Conditions, Access to Care, Cost of Medications",https://www.christushealth.org/about/donate/community-health/community-health-needs-assessment-and-implementation-plan,https://www.christushealth.org/about/donate/community-health/community-health-needs-assessment-and-implementation-plan,communityhealthneedsassessment@christushealth.org
6720088,CHRISTUS Health Shreveport-Bossier,1453 East Bert Kouns Industrial Loop,Shreveport,71105-6800,LA,CHRISTUS Health,Non-Profit,2019,List of Places,"Bossier, Caddo, Claiborne, De Soto, Lincoln, Natchitoches, Sabine, Webster, Winn ",N/A,N/A,"Access to care, Child Safety and Well-Being, Disease Prevention and Management","Access to care, Child Safety and Well-Being, Disease Prevention and Management",https://www.christushealth.org/-/media/christus-health/connect-with-christus/files/community-involvement-and-commitment/implementation-plan-and-needs-assessment/2020_2022_health-needs-assessment--christus-shreveport-bossier-shreveport.ashx,https://www.christushealth.org/-/media/christus-health/connect-with-christus/files/community-involvement-and-commitment/implementation-plan-and-needs-assessment/2020_2022_health-needs-assessment--christus-shreveport-bossier-shreveport.ashx,N/A
6724000,CHRISTUS Ochsner Lake Area Hospital,4200 Nelson Road,Lake Charles,70605-4118,LA,CHRISTUS Health,Non-Profit,N/A unable to find,,,,,,,,,
6720360,CHRISTUS Ochsner St. Patrick Hospital Southwest Louisiana,524 Dr Michael Debakey Drive,Lake Charles,70601-5799,LA,CHRISTUS Health,Non-Profit,N/A unable to find,,,,,,,,,
6720050,CHRISTUS St. Frances Cabrini Hospital,3330 Masonic Drive,Alexandria,71301-3899,LA,CHRISTUS Health,Non-Profit,2022,Combination of counties and zip codes,"Acadia, Allen, Auoyelles, Calcasieu, Catahoula, Concordia, Evangeline, Grant, LaSalle, Natchitoches, Rapides, St. Landry, Vernon, Winn","70505, 71463, 71303, 71322, 71341, 71350, 71351, 70601, 71343, 71334, 70554, 70576, 70586, 71417, 71423, 71467, 71342, 71457, 71301, 71302, 71328, 71346, 71360, 71405, 71409, 71433, 71485, 70535, 70570, 71403, 71446, 71485",N/A,"Specialty care and chronic disease management, behavioral health, pediatric access, early education","Advancing health & well-being, build resilient communities & improve social determinants",https://www.christushealth.org/-/media/christus-health/connect-with-christus/files/community-involvement-and-commitment/st-francis-cabrini/sfchs_chna_2023.ashx,https://www.christushealth.org/-/media/christus-health/connect-with-christus/files/community-involvement-and-commitment/st-francis-cabrini/sfchs_chip_2023.ashx,N/A
6720008,Citizens Medical Center,7939 U S Highway 165,Columbia,71418-1079,LA,,Unable to find,N/A unable to find,,,,,,,,,
6720270,Claiborne Memorial Medical Center,620 East College Street,Homer,71040-3202,LA,,Non-Profit,2020,List of Counties,Claiborne,N/A,N/A,"Access to care, substance abuse, obesity, diabetes, chronic conditions, mental illness & suicide, abuse & neglect","Mental Health, Substance Abuse Disorder, Diabetes, Obesity",https://www.claibornemedicalcenter.com/wp-content/uploads/sites/17/2020/12/Claiborne-2020-Assessment-Final-Copy-1.pdf,https://www.claibornemedicalcenter.com/wp-content/uploads/sites/17/2021/05/Claiborne-Community-Needs-Assessment-Implementation-Plan-2021-2023.pdf,N/A
6720081,Community Care Hospital,1421 General Taylor Street,New Orleans,70115-3717,LA,,For-Profit,N/A unable to find,,,,,,,,,
6729128,Compass Behavioral Center of Alexandria,6410 Masonic Drve,Alexandria,71301-2319,LA,Compass Health,For-Profit,N/A unable to find,,,,,,,,,
6720693,Compass Behavioral Center of Houma,4701 West Park Avenue,Houma,70364-4426,LA,Compass Health,For-Profit,N/A unable to find,,,,,,,,,
6720722,Compass Behavioral Center of Lafayette,312 Youngsville Highway,Lafayette,70508,LA,Compass Health,Unable to find,N/A unable to find,,,,,,,,,
6720136,Cornerstone Hospital of Bossier City,4900 Medical Drive,Bossier City,71112-4521,LA,Cornerstone Healthcare Group,Unable to find,N/A unable to find,,,,,,,,,
6720041,Cornerstone Hospital of Southwest Louisiana,524 Doctor Michael Debakey Drive,Lake Charles,70601-5725,LA,Cornerstone Healthcare Group,Unable to find,N/A unable to find,,,,,,,,,
6720019,Cornerstone Hospital-West Monroe,6198 Cypress Street,West Monroe,71291-9010,LA,Cornerstone Healthcare Group,For-Profit,N/A unable to find,,,,,,,,,
6720191,Covington Behaviorial Health,201 Greenbrier Boulevard,Covington,70433-7236,LA,"Acadia Healthcare Company, Inc.",For-Profit,N/A unable to find,,,,,,,,,
6720026,Curahealth New Orleans,3601 Coliseum Street,New Orleans,70115-3606,LA,Curahealth Hospitals,Public,N/A unable to find,,,,,,,,,
6720186,Cypress Grove Behavioral Health,4673 Eugene Ware Boulevard,Bastrop,71220-1425,LA,,Unable to find,N/A unable to find,,,,,,,,,
6720501,Cypress Pointe Surgical Hospital,42570 South Airport Road,Hammond,70403-0946,LA,,Unable to find,N/A unable to find,,,,,,,,,
6720399,De Soto Regional Health System,207 Jefferson Street,Mansfield,71052-2603,LA,Willis-Knighton Health System,Non-Profit,2022,Combination of counties and places,De Soto,N/A,"Stonewall, South Mansfield, Keachi, Grand Cane, Longstreet, Stanley","Mental Health Providers,Dermatology,Ob/Gyn Providers, Cardiology, Orthopedics, Equipment upgrade, Improved care quality","More providers and services, Improved and updated medical equipment, patient care services",https://www.desotoregional.com/downloads/community_needs_assessment_2019.pdf,N/A,N/A
6720205,DeQuincy Memorial Hospital,110 West Fourth Street,DeQuincy,70633-3508,LA,,Unable to find,N/A unable to find,,,,,,,,,
6720366,East Carroll Parish Hospital,336 North Hood Street,Lake Providence,71254-2140,LA,,Unable to find,N/A unable to find,,,,,,,,,
6720418,East Jefferson General Hospital,4200 Houma Boulevard,Metairie,70006-2996,LA,,Unable to find,2021,List of Counties," Jefferson, Orleans, Plaquemines, St. Bernard, St. Charles, St. James, St. John the Baptist, St. Tammany",N/A,N/A,"ACCESS TO AND CONTINUITY OF CARE , EDUCATION AND HEALTH LITERACY, ENVIRONMENTAL FACTORS, HEALTH RELATED IMPACTS OF VIOLENCE, HEALTH EQUITY AND DISCRIMINATION IN HEALTHCARE , INFRASTRUCTURE ","ACCESS TO AND CONTINUITY OF CARE , EDUCATION AND HEALTH LITERACY, ENVIRONMENTAL FACTORS, HEALTH RELATED IMPACTS OF VIOLENCE, HEALTH EQUITY AND DISCRIMINATION IN HEALTHCARE , INFRASTRUCTURE ",https://www.lcmchealth.org/east-jefferson-general-hospital/about-us/,https://www.lcmchealth.org/east-jefferson-general-hospital/about-us/,CommunityOutreach@ochsner.org 
6720310,Eastern Louisiana Mental Health System,4502 Highway 10,Jackson,70748,LA,Louisiana State Hospitals,Unable to find,N/A unable to find,,,,,,,,,
6720025,Encompass Health Rehabilitation Hospital of Alexandria,104 North Third Street,Alexandria,71301-8581,LA,Encompass Health Corporation,Unable to find,N/A unable to find,,,,,,,,,
6720373,Extended Care Hospital,"2614 Jefferson Highway, 2nd Floor",New Orleans,70121-3828,LA,LHC Group,Unable to find,N/A unable to find,,,,,,,,,
6720243,Franklin Foundation Hospital,1097 Northwest Boulevard,Franklin,70538-3407,LA,QHR,Non-Profit,2019,"Combination of counties, zip codes, and places",St. Mary ,"70342, 70380, 70392, 70514, 70538, 70544","Berwick, Morgan City, Patterson, Baldwin, Franklin, Jeanerette","Cancer, Education/Prevention, Diabetes, Obesity/Overweight, Mental Health, Heart Disease, Physical Inactivity, Affordability/Accessibility","Cancer, Education/Prevention, Diabetes, Obesity/Overweight, Mental Health, Heart Disease, Physical Inactivity, Affordability/Accessibility",http://www.franklinfoundation.org/wp-content/uploads/2020/02/01.30.2020-CHNA-Presentation-Franklin-Foundation-Hospital-Final.pdf,http://www.franklinfoundation.org/wp-content/uploads/2020/02/01.30.2020-CHNA-Presentation-Franklin-Foundation-Hospital-Final.pdf,N/A
6720894,Franklin Medical Center,2106 Loop Road,Winnsboro,71295-3344,LA,,Unable to find,N/A unable to find,,,,,,,,,
6720496,Genesis Behavioral Hospital,606 Latiolais Drive,Breaux Bridge,70517-4231,LA,,Unable to find,N/A unable to find,,,,,,,,,
6720891,Glenwood Regional Medical Center,503 McMillan Road,West Monroe,71291-5327,LA,"Steward Health Care System, LLC",For-Profit,N/A unable to find,,,,,,,,,
6720709,Hardtner Medical Center,1102 North Pine Road,Olla,71465-4804,LA,,For-Profit,N/A unable to find,,,,,,,,,
6720119,Heart Hospital of Lafayette,1105 Kaliste Saloom Road,Lafayette,70508-5705,LA,Our Lady of Lourdes,Non-Profit,2021,List of Counties,Lafayette,N/A,N/A,"Access to primary care Cancer, Diabetes, Health disparities, Health education/literacy, Heart disease and stroke, Mental/behavioral health, Maternal and child health, Rural health, Weight status and nutrition","Access to primary care Cancer, Diabetes, Health disparities, Health education/literacy, Heart disease and stroke, Mental/behavioral health, Maternal and child health, Rural health, Weight status and nutrition",https://lourdesrmc.com/assets/documents/chna-report-final-(adopted-nov-4-2021).pdf,N/A,N/A
6720080,Hood Memorial Hospital,301 Walnut Street,Amite,70422-2098,LA,,Non-Profit,2019,"Combination of counties, zip codes, and places",Tangiphoa ,"9533, 9534, 9535, 9536, 9537, 9538, 9539, 9540.02, 9540.02, 9541, 9541.02, 9542, 9543, 9544, 9545.01, 9545.02, 9546, 9547, 9548","Kentwood, Tangipahoa, Arcola, Roseland, Amite, Husser, Independence, Loranger, Tickfaw, Natalbany, Hammond, Robert, Ponchatoula, Port Manchac ","Financial assistance for low income individuals, health education, electronic records facilitating collaboration, public transportation, mental health resources ","Financial assistance for low income individuals, health education, electronic records facilitating collaboration, public transportation, mental health resources",https://assets.website-files.com/580e3854d2d6f3fd576abff7/5d518756c79dff7e5468248c_2019%20Community%20Needs%20Assessment%206.17.19%20(002).pdf,https://assets.website-files.com/580e3854d2d6f3fd576abff7/5d518756c79dff7e5468248c_2019%20Community%20Needs%20Assessment%206.17.19%20(002).pdf,N/A
6720503,Iberia Medical Center,2315 East Main Street,New Iberia,70560-4031,LA,HealthTech Management Services,Non-Profit,N/A unable to find,,,,,,,,,
6720386,Iberia Rehabilitation Hospital,532 Jefferson Terrace,New Iberia,70560-4948,LA,,Unable to find,N/A unable to find,,,,,,,,,
6720318,Jackson Parish Hospital,165 Beech Springs Road,Jonesboro,71251-2059,LA,,Non-Profit,N/A unable to find,,,,,,,,,
6720315,Jennings American Legion Hospital,1634 Elton Road,Jennings,70546-3614,LA,,Non-Profit,2020,FALSE,N/A,N/A,N/A,"Drug Abuse,Mental Healthy Services, Cardiovascular Disease, Diabetes, Obesity, Access to Care","Mental Healthy Services, Cardiovascular Disease, Diabetes, Obesity, Access to Care",https://jenningsamericanlegionhospital.com/files/2020/08/2020-CHNA-Implementation-Plan.pdf,https://jenningsamericanlegionhospital.com/files/2020/08/2020-CHNA-Implementation-Plan.pdf,N/A
6720371,Jennings Senior Care Hospital,"1 Hospital Drive, Suite 201",Jennings,70546-3641,LA,,Unable to find,N/A unable to find,,,,,,,,,
6720244,Lady of the Sea General Hospital,200 West 134th Place,Cut Off,70345-4143,LA,,Unable to find,2020,Combination of zip codes and places,N/A,"70373, 70345, 70354, 70357","Larose, Cut Off, Galliano, Golden Meadow","COVID-19 management, Mental Health Care, Diabetes – care and prevention, Management and prevention of chronic diseases","COVID-19 management, Mental Health Care, Diabetes – care and prevention, Management and prevention of chronic diseases",https://www.losgh.org//assets/pdf/2020communityassessment.pdf,https://www.losgh.org//assets/pdf/2020communityassessment.pdf,n/a
6720340,Lafayette General Medical Center,1214 Coolidge Boulevard,Lafayette,70503-2696,LA,Lafayette General Health,Unable to find,2022,List of Counties,"Acadia, Evangeline, Iberia, Jefferson Davis, Lafayette, St. Landry, St. Martin, St. Mary, Vermilion ",N/A,N/A,"Access to primary care,  Cancer,  Diabetes, Health disparities, Health education/literacy, Heart disease, Mental/behavioral health,  Maternal and child health, Rural health, Weight status and nutrition","Access to Care, Cancer, Health Literacy, Heart Disease & Stroke, Nutrition & Weight Status, Mental Health / Behavioral Health, Physical Activity, Maternal & Child Health, Diabetes",https://ochsnerlg.org/about-us/community,https://ochsnerlg.org/about-us/community,N/A
6720198,Lafayette General Surgical Hospital,"1000 West Pinhook Road, Suite 100",Lafayette,70503-2460,LA,Lafayette General Health,Unable to find,2022,List of Counties,"Acadia, Evangeline, Iberia, Jefferson Davis, Lafayette, St. Landry, St. Martin, St. Mary, Vermilion ",N/A,N/A,"Access to primary care,  Cancer,  Diabetes, Health disparities, Health education/literacy,  Heart disease, Mental/behavioral health,  Maternal and child health, Rural health, Weight status and nutrition","Access to Care, Cancer, Health Literacy, Heart Disease & Stroke, Nutrition & Weight Status, Mental Health / Behavioral Health, Physical Activity, Maternal & Child Health, Diabetes",https://ochsnerlg.org/about-us/community,https://ochsnerlg.org/about-us/community,N/A
6720377,Lafayette Physical Rehabilitation Hospital,307 Polly Lane,Lafayette,70508-4960,LA,AMG Integrated Healthcare Management,Unable to find,N/A unable to find,,,,,,,,,
6720145,Lafayette Surgical Specialty Hospital,1101 Kaliste Saloom Road,Lafayette,70508-5705,LA,National Surgical Healthcare,Unable to find,N/A unable to find,,,,,,,,,
6720355,Lake Charles Memorial Hospital,1701 Oak Park Boulevard,Lake Charles,70601-8911,LA,,Non-Profit,2022,Combination of zip codes and places,N/A,"70630, 70633, 70634, 70647, 70546, 70648, 70601, 70605, 70606, 70615, 70611, 70652, 70657, 70661, 70663, 70665, 70668, 70591, 70669, 70631, 70632, 70643, 70645","Bell City, Cameron, Creole, Dequincy, Deridder, Grand Chenier, Hackberry, Iowa, Jennings, Kinder, Lake Charles, Longville, Ragley, Starks, Sulphur, Vinton, Welsh, Westlake","Behavioral health (access to care, ER navigation), health behaviors (access to care, tobacco use, health literacy), health outcomes (access to care, specialist/certified programs, tobacco use, diabetes, high blood pressure, STDs), cancer (access to care, health outcomes, behavioral health, financial burden, transportation)","Behavioral health, health behaviors, health outcomes, cancer care",https://www.lcmh.com/documents/chna/2022/12.7.22-LC-CHNA-Exec.-Summ.pdf,https://www.lcmh.com/documents/chna/2022/12.7.22-LC-CHNA-Exec.-Summ.pdf,n/a
6720300,Lallie Kemp Medical Center,52579 Highway 51 South,Independence,70443-2231,LA,,Unable to find,N/A unable to find,,,,,,,,,
6720893,Lane Regional Medical Center,6300 Main Street,Zachary,70791-4037,LA,QHR,Non-Profit,2021,Combination of counties and zip codes,"East Baton Rouge, Ascension","70801, 70802, 70805, 70806, 70807, 70811, 70812, 70725, 70734, 70769",N/A,"Health Equity/Racial Disparities, Behavioral Health, Social Determinants of Health, Violence Prevention, Maternal and Infant Health, Healthy Living/Lifestyle, Pediatric and Adolescent Health, Sexually Transmitted Infections/HIV/Hepatitis C, Public Health emergency Preparedness, Chronic Disease ","Health Equity/Racial Disparities, Behavioral Health, Social Determinants of Health, Violence Prevention, Maternal and Infant Health, Healthy Living/Lifestyle, Pediatric and Adolescent Health, Sexually Transmitted Infections/HIV/Hepatitis C, Public Health emergency Preparedness, Chronic Disease ",https://2027031.fs1.hubspotusercontent-na1.net/hubfs/2027031/2021%20CHNA%20Final%20Spread.pdf,https://2027031.fs1.hubspotusercontent-na1.net/hubfs/2027031/2021%20CHNA%20Final%20Spread.pdf,N/A
6720317,LaSalle General Hospital,187 Ninth Street,Jena,71342-3901,LA,,Unable to find,N/A unable to find,,,,,,,,,
6720149,Leesville Rehabilitation Hospital,900 South 6th Street,Leesville,71446-4723,LA,,For-Profit,N/A unable to find,,,,,,,,,
6720285,Leonard J. Chabert Medical Center,1978 Industrial Boulevard,Houma,70363-7094,LA,Ochsner Health System,Unable to find,2020,Combination of zip codes and places,N/A,"70343, 70344, 70352,70353,70356, 70359,70360, 70361,70363, 70364, 70377, 70395, 70397","Bourg, Chauvin, Donner, Dulac, Gibson, Gray, Houma, Bayou Cane, Montegu, Schriever, Therior ","chronic disease, health education, tobacco use, access to care, cancer","Chronic Diseases, Diabetes, High blood pressure/hypertension, Heart disease, Health Education/Information, Physical inactivity/exercise, Obesity/overweight, Tobacco Use, Access to care/Health Education, Increase in providers, Adolescent health, Cancer, Access to screenings,  Education/information ",https://ochsner-craft.s3.amazonaws.com/www/static/FINAL-3.27.20-CMC-CHNA-Report.pdf,N/A,N/A
6720407,LifeCare Hospitals of Shreveport-Willis Knighton,8001 Youree Drive,Shreveport,71115-2302,LA,LifeCare Management Services,Unable to find,2022,Combination of counties and zip codes,Caddo,"71004, 71007,  71029, 71033, 71043, 71044, 71047, 71060, 71061, 71069, 71082, 71101, 71103, 71104, 71105, 71106, 71108, 71109, 71115, 71118, 71119, 71129",N/A,"Clinical Preventive Services, Health Communication, Access to Health Services, Healthcare Issues of Adults and 65+ , Mental Health and Mental Disorders 
","Preventative Care, Health Communication, Health Care Access, Health Issues of Adults and 65+, Mental Health and Mental Disorders",https://www.wkhs.com/docs/default-source/community-health-needs-assessment/2022-community-health-needs-assessment-(chna).pdf,https://www.wkhs.com/docs/default-source/community-health-needs-assessment/2022-chna-implementation-strategies.pdf,N/A
6720165,Longleaf Hospital,44 Versailles Boulevard,Alexandria,71303-3960,LA,"Acadia Healthcare Company, Inc.",Unable to find,N/A unable to find,,,,,,,,,
6720064,Louisiana Extended Care Hospital of Lafayette,"2810 Ambassador Caffery Parkway, 6th Floor",Lafayette,70506-5906,LA,LHC Group,Unable to find,N/A unable to find,,,,,,,,,
6720079,Louisiana Extended Care Hospital of Natchitoches,501 Keyser Avenue,Natchitoches,71457-6018,LA,LHC Group,Unable to find,N/A unable to find,,,,,,,,,
6720174,Louisiana Extended Care Hospital West Monroe,"503 McMillan Road, 3rd Floor",West Monroe,71291-5327,LA,LHC Group,Unable to find,N/A unable to find,,,,,,,,,
6720881,Madison Parish Hospital,900 Johnson Street,Tallulah,71282-4537,LA,,For-Profit,N/A unable to find,,,,,,,,,
6720066,Memorial Specialty Hospital,"524 Doctor Michael Debakey Drive, 3rd Floor",Lake Charles,70601-5725,LA,Cornerstone Healthcare Group,Unable to find,N/A unable to find,,,,,,,,,
6720409,Mercy Regional Medical Center,800 East Main Street,Ville Platte,70586-4618,LA,Allegiance Health Management,Unable to find,N/A unable to find,,,,,,,,,
6720420,Minden Medical Center,1 Medical Plaza Place,Minden,71055-3330,LA,Allegiance Health Management,Unable to find,N/A unable to find,,,,,,,,,
6720098,Monroe Surgical Hospital,2408 Broadmoor Boulevard,Monroe,71201-2963,LA,,Unable to find,N/A unable to find,,,,,,,,,
6720100,Morehouse General Hospital,323 West Walnut Avenue,Bastrop,71220-4521,LA,Community Hospital Corporation,Unable to find,2017,Combination of counties and places,Morehouse ,N/A,"Bastrap, Collinston, Bonita, Mer Rouge, Oak Ridge","Mortality, chronic diseases and conditions, health behaviors, natality, mental health and healthcare access","Access to Primary Care Providers and Services, Access to Specialty Care Providers and Services, Access to Mental and Behavioral Health Care Providers and Services, Prevention, Education and Services to Address, High Mortality Rates, Chronic Diseases, Preventable Conditions and Unhealthy Lifestyles, Access to Affordable Care and Reducing Health Disparities Among Specific Populations",http://mghospital.com/wp-content/uploads/2017/06/MGH_2016_CHNA_and_IP_Report-FINAL_1.27.2017.pdf,http://mghospital.com/wp-content/uploads/2017/06/MGH_2016_CHNA_and_IP_Report-FINAL_1.27.2017.pdf, vhayes@communityhospitalcorp.com
6720486,Natchitoches Regional Medical Center,501 Keyser Avenue,Natchitoches,71457-6036,LA,CHRISTUS Health,Non-Profit,2017,Combination of counties and zip codes,Natchitoches ,"71002, 71070, 71031, 71411, 71450, 71457, 71469, 71456, 71452, 71416, 71468, 71434, 71427",N/A,"obesity, Education/Outreach, Access to Health Care, Mental Health, Substance Abuse, Chronic Diseases/Diabetes & Cancer, Maternal/Child Health , Sexually Transmitted Infections ","obesity, Education/Outreach, Access to Health Care, Mental Health, Substance Abuse, Chronic Diseases/Diabetes & Cancer, Maternal/Child Health , Sexually Transmitted Infections ",https://www.nrmchospital.org/wp-content/uploads/2018/12/CHNA_Report_Natchitoches_2017.pdf,N/A,N/A
6720696,New Orleans East Hospital,5620 Read Boulevard,New Orleans,70127-3106,LA,LCMC Health,Non-Profit,2021,FALSE,N/A,N/A,N/A,"Access to and Continuity of Care, Education and Health Literacy, Health Related Impacts of Violence, Health Equity and Discrimination in Healthcare, Mental and Behavioral Health","Access to and Continuity of Care, Education and Health Literacy, Health Related Impacts of Violence, Health Equity and Discrimination in Healthcare, Mental and Behavioral Health",https://www.lcmchealth.org/sub/59170/documents/2021_Community_Health_Needs_Assessment_UMC.pdf,N/A,N/A
6720882,North Caddo Medical Center,815 South Pine Street,Vivian,71082-3353,LA,,Unable to find,N/A unable to find,,,,,,,,,
6720254,North Oaks Medical Center,"15790 Paul Vega, MD, Drive",Hammond,70403-1436,LA,North Oaks Health System,Non-Profit,N/A unable to find,,,,,,,,,
6720044,North Oaks Rehabilitation Hospital,1900 South Morrison Boulevard,Hammond,70403-5742,LA,North Oaks Health System,Non-Profit,N/A unable to find,,,,,,,,,
6720770,Northern Louisiana Medical Center,401 East Vaughn Avenue,Ruston,71270-5950,LA,"Community Health Systems, Inc.",Non-Profit,N/A unable to find,,,,,,,,,
6720397,Northlake Behavioral Health System,23515 Highway 190,Mandeville,70448-7334,LA,Northlake Behavioral Health System,Non-Profit,2019,Combination of counties and places,St. Tammany ,N/A,Mandeville,"Inpatient-Access to Care, Lack of Transportation, Challenges with Insurance Coverage, Lack of Knowledge Regarding Mental Outpatient, Access to Care, Lack of Funding for Mental Health Services, Health/Mental Illness, Post-discharge Coordination of Care, Lack of Knowledge Regarding Available Resources and Services, Lack of Family Support, Lack of Transportation, Lack of Supportive Housing for Persons with Mental Illness / Addiction, Challenges with Insurance Coverage, Stigma Associated with Mental Illness, Lack of Knowledge Regarding Mental Health, Post-discharge Coordination of Care, Lack of Knowledge Regarding Available, Resources and Services, Lack of Integration with Primary Care and Support Services",N/A,https://www.guidestar.org/ViewEdoc.aspx?eDocId=7367800&approved=true,N/A,N/A
6720702,Oakdale Community Hospital,130 North Hospital Drive,Oakdale,71463-3035,LA,,Non-Profit,N/A unable to find,,,,,,,,,
6720494,Oceans Behavioral Hospital of Alexandria,2621 North Bolton Avenue,Alexandria,71303-4506,LA,Oceans Healthcare,For-Profit,N/A unable to find,,,,,,,,,
6720497,Oceans Behavioral Hospital of Baton Rouge,11135 Florida Boulevard,Baton Rouge,70815-2013,LA,Oceans Healthcare,For-Profit,N/A unable to find,,,,,,,,,
6720199,Oceans Behavioral Hospital of Broussard,418 Albertson Parkway,Broussard,70518-4971,LA,Oceans Healthcare,For-Profit,N/A unable to find,,,,,,,,,
6720504,Oceans Behavioral Hospital of Crowley,2021 Crowley Rayne Highway,Rayne,70578-4027,LA,,Unable to find,N/A unable to find,,,,,,,,,
6720367,Oceans Behavioral Hospital of De Ridder,1420 Blankenship Drive,Deridder,70634-4604,LA,Oceans Healthcare,Unable to find,N/A unable to find,,,,,,,,,
6720498,Oceans Behavioral Hospital of Greater New Orleans,716 Village Road,Kenner,70065-2751,LA,Oceans Healthcare,Unable to find,N/A unable to find,,,,,,,,,
6720374,Oceans Behavioral Hospital of Kentwood,921 Avenue G,Kentwood,70444-2636,LA,Oceans Healthcare,Unable to find,N/A unable to find,,,,,,,,,
6720383,Oceans Behavioral Hospital of Lake Charles,4250 5th Avenue,Lake Charles,70607-3900,LA,Oceans Healthcare,Unable to find,N/A unable to find,,,,,,,,,
6720389,Oceans Behavioral Hospital of Opelousas,1310 Heather Drive,Opelousas,70570-7714,LA,Oceans Healthcare,Unable to find,N/A unable to find,,,,,,,,,
6720776,Ochsner LSU Health Shrevport - Academic Medical Center,1501 Kings Highway,Shreveport,71103-4228,LA,University Health System,Non-Profit,2021,List of Counties,"Bienville, Bossier, Caddo, Claiborne, De Soto, Natchitoches, Red River, Sabine, Webster ",N/A,N/A,"Behavioral health, Tobacco, Diabetes, Physical inactivity, Obesity, Mental health, Heart disease, Access to care","Behavioral health, Juvenile trauma and crime, Access to care",https://ochsner-craft.s3.amazonaws.com/www/static/OLHS_2021CHNA_Approved6-9-2021.pdf,https://ochsner-craft.s3.amazonaws.com/www/static/OLHS_2021CHNA_Approved6-9-2021.pdf,riley.waddell@ochsner.org
6720440,Ochsner LSU Health Shreveport - Monroe Medical Center,4864 Jackson Street,Monroe,71202-6497,LA,University Health System,Non-Profit,2021,List of Counties,"Lincoln, Jackson, Union, Caldwell, West Carroll, Quachita, Richland, Franklin, Tensas, Morehouse, East Carroll, Madison",N/A,N/A,"Tobacco Use, lack of physical activity & physical health, Obesity, Heart Disease, Diabetes, mental health","Access to Care, Health Education,Patient Engagement and Building Community Partnerships",https://ochsner-craft.s3.amazonaws.com/www/static/OLHS-Monroe_2021CHNA_Approved6-9-2021.pdf,https://ochsner-craft.s3.amazonaws.com/www/static/OLHS-Monroe_2021CHNA_Approved6-9-2021.pdf,beverly.lewis@ochsnerlsuhs.org.
6720122,Ochsner Medical Center - Baton Rouge,17000 Medical Center Drive,Baton Rouge,70816-3224,LA,Ochsner Health System,Non-Profit,2021,Combination of counties and places,"East Baton Rouge, Iberville, Livingston",N/A,Baton Rouge,"Access to and continuity of care, Behavioral health, Health equity and discrimination in healthcare, Environmental factors, Infrastructure, Poverty and income inequity","Access to care continuity of care, Mental and behavorial health, health equity, discrimination in healthcare",https://ochsner-craft.s3.amazonaws.com/www/locations/Final_CHNA_OMC-BatonRouge_12-13-2021.pdf,https://ochsner-craft.s3.amazonaws.com/www/locations/Final_CHNA_OMC-BatonRouge_12-13-2021.pdf,CommunityOutreach@ochsner.org
6720414,Ochsner Medical Center - Kenner,180 West Esplanade Avenue,Kenner,70065-6001,LA,Ochsner Health System,Non-Profit,2021,Combination of counties and places,Jefferson,N/A,Kenner,"Access to care, continuity of care, Mental and behavorial health, health equity, discrimination in healthcare","Access to care, continuity of care, Mental and behavorial health, health equity, discrimination in healthcare",https://ochsner-craft.s3.amazonaws.com/www/locations/Final_CHNA_GNOhospitals_12-21-2021.pdf,https://ochsner-craft.s3.amazonaws.com/www/locations/Final_CHNA_GNOhospitals_12-21-2021.pdf, communityoutreach@ochsner.org.
6720860,Ochsner Medical Center - North Shore,100 Medical Center Drive,Slidell,70461-5520,LA,Ochsner Health System,Non-Profit,2021,Combination of counties and places,St.Tammany ,N/A,Slidell,"Access to care, continuity of care, Mental and behavorial health, health equity, health education and literarcy","Access to care, continuity of care, Mental and behavorial health, health equity, health education and literarcy",https://ochsner-craft.s3.amazonaws.com/www/locations/CHNA_Northshore_12-23-2021.pdf,https://ochsner-craft.s3.amazonaws.com/www/locations/CHNA_Northshore_12-23-2021.pdf,communityoutreach@ochsner.org.
6720631,Ochsner Medical Center,1514 Jefferson Highway,New Orleans,70121-2429,LA,Ochsner Health System,Non-Profit,2021,Combination of counties and places,Orleans ,N/A,New Orleans,"Access to care, continuity of care, Mental and behavorial health, health equity, discrimination in healthcare","Access to care, continuity of care, Mental and behavorial health, health equity, discrimination in healthcare",https://ochsner-craft.s3.amazonaws.com/www/locations/Final_CHNA_GNOhospitals_12-21-2021.pdf,https://ochsner-craft.s3.amazonaws.com/www/locations/Final_CHNA_GNOhospitals_12-21-2021.pdf, communityoutreach@ochsner.org
6729135,Ochsner Rehabilitaton Hospital West Campus,2614 Jefferson Highway,Jefferson,70121-3828,LA,Select Medical Corporation,Non-Profit,2021,List of Counties,"Jefferson, Orleans, St. Bernard, St. Charles, St. John the Baptist, St. Tammany",N/A,N/A,"Behavioral Health, Access to and Continuity of Care, Education and Health Literacy, Health Equity and Discrimination in Healthcare","Behavioral Health, Access to Care, Education and Health Literacy",https://ochsner-craft.s3.amazonaws.com/www/locations/Final_CHNA_GNOhospitals_12-21-2021.pdf,https://ochsner-craft.s3.amazonaws.com/www/locations/Final_CHNA_GNOhospitals_12-21-2021.pdf,communityoutreach@ochsner.org.
6720762,Ochsner St. Anne General Hospital,4608 Highway 1,Raceland,70394-2623,LA,Ochsner Health System,Non-Profit,2021,List of Counties,"Lafourche, St. Charles, Terrebonne",N/A,N/A,"Access to and continuity of care, Mental and behavorial health, Health equity and Discrimination, Education and health literacy","Access to and continuity of care, Health equity and discrimination in healthcare, Education and health literacy, Mental and behavioral health",https://ochsner-craft.s3.amazonaws.com/www/locations/CHNA-StAnne_12-23-2021.pdf,https://ochsner-craft.s3.amazonaws.com/www/locations/CHNA-StAnne_12-23-2021.pdf,communityoutreach@ochsner.org
6720076,Omega Hospital,2525 Severn Avenue,Metairie,70002-5932,LA,,For-Profit,N/A unable to find,,,,,,,,,
6720708,Opelousas General Health System,539 East Prudhomme Street,Opelousas,70570-6499,LA,,Non-Profit,2019,List of Places,St. Landry,N/A,"Sunset, Grand Coteau, Port Barre, Eunice, Washington, Arnaudville, Leonville, Krotz Springs, Melville, Eunice, Lawtell, Palmetto, Ville Platte, Church Point, Opelousas","Improve the health status of the community, Identify opportunities for better preventive care and wellness initiatives, Address social determinants of health and health disparities within OGHSâ Continuously improve access to and quality of health care and health education that will enable community members to improve their overall well-being","Improve the health status of the community, Identify opportunities for better preventive care and wellness initiatives, Address social determinants of health and health disparities within OGHSâ Continuously improve access to and quality of health care and health education that will enable community members to improve their overall well-being",https://www.opelousasgeneral.com/documents/content/Community-Health-Needs-Assessment-Opelousas-General-Health-System.1).pdf,N/A,N/A
6720343,Our Lady of Lourdes Regional Medical Center,4801 Ambassador Caffery Parkway,Lafayette,70508-6917,LA,"Franciscan Missionaries of Our Lady Health System, Inc.",Non-Profit,2021,List of Counties,"Acadia, Evangeline, Iberia, Jefferson Davis, St. Landry, St. Martin, St. Mary, Vermilion",N/A,N/A,"Access to primary care, cancer, diabetes, health disparities, health education/literacy, heart disease and stroke, mental/behavioral health, maternal and child health, rural health, obesity","Access to primary care, cancer, diabetes, health disparities, health education/literacy, heart disease and stroke, mental/behavioral health, maternal and child health, rural health, obesity",https://lourdesrmc.com/assets/documents/chna-report-final-(adopted-nov-4-2021).pdf,N/A,Bently.Senegal@fmolhs.com
6720116,Our Lady of the Angels Hospital,433 Plaza Street,Bogalusa,70427-3793,LA,"Franciscan Missionaries of Our Lady Health System, Inc.",Non-Profit,2021,List of Counties,"St. Tammany, Washington",N/A,N/A,"Economy/Poverty, barriers to care, substance abuse, education, jobs, health literacy, racism, mental health, transportation, speciality care, obesity ","Eliminatig barriers to care, Health Literacy",https://oloah.org/assets/documents/oloah-2021-chna.pdf,https://oloah.org/assets/documents/oloah-2021-chna.pdf,N/A
6720028,Our Lady of the Lake Regional Medical Center,5000 Hennessy Boulevard,Baton Rouge,70808-4375,LA,"Franciscan Missionaries of Our Lady Health System, Inc.",Unable to find,2021,List of Counties,"East Baton Rouge, Ascension, Livingston, St. Helena, West Feliciana, Pointe Coupee, West Baton Rouge",n/a,N/A,"Behavioral Health,  Chronic Disease,  Health Equity and Racial Disparities*, Healthy Living/Lifestyle, Maternal and Infant Health, Pediatric and Adolescent Health, Public Health Emergency Preparedness, sexually Transmitted Infections/ HIV/Hepatitis C, Social Determinants of Health , Violence Prevention","Access to Care, Behavioral Health, STD/HIV, Healthy Living",https://ololrmc.com/about-us/community-benefit/,https://ololrmc.com/about-us/community-benefit/,n/a
6720875,Overton Brooks Veterans Affairs Medical Center,510 East Stoner Avenue,Shreveport,71101-4295,LA,Department of Veterans Affairs,Unable to find,2019,List of Counties,"Lincoln, Ouachita ",N/A,N/A,"OBESITY/SEDENTARY LIFESTYLES, CHRONIC DISEASE MANAGEMENT, SUBSTANCE ABUSE and MENTAL HEALTH, ACCESS TO CARE, CARE FOR THE ELDERLY","OBESITY/SEDENTARY LIFESTYLES, CHRONIC DISEASE MANAGEMENT, SUBSTANCE ABUSE and MENTAL HEALTH, ACCESS TO CARE, CARE FOR THE ELDERLY",https://stfran.com/assets/documents/sfmc-2019-chna.pdf,N/A,N/A
6720173,PAM Specialty Hospital of Covington,20050 Crestwood Boulevard,Covington,70433-5207,LA,"Post Acute Medical, LLC",Unable to find,N/A unable to find,,,,,,,,,
6720055,PAM Specialty Hospital of Hammond,42074 Veterans Avenue,Hammond,70403-1408,LA,"Post Acute Medical, LLC",Unable to find,N/A unable to find,,,,,,,,,
6720146,Park Place Surgical Hospital,4811 Ambassador Caffery Parkway,Lafayette,70508-6917,LA,,Non-Profit,2021,List of Counties,"Acadia, Iberia, Lafayette, St.Landry, St. Martin, Vermilion, St. Mary, Evangeline, Jefferson Davis ",N/A,N/A,"Access to care, Obesity, Behavioral and mental health, Health education, Maternal and child health","Access to care, Obesity, Behavioral and mental health, Health education, Maternal and child health",https://ochsnerlg.org/sites/default/files/Full%20CHNA%20Report%20-%20Released%201-3-2022_1.pdf,https://ochsnerlg.org/sites/default/files/Full%20CHNA%20Report%20-%20Released%201-3-2022_1.pdf,bently.senegal@fmolhs.org
6720683,Pathway Rehabilitation Hospital,4900 Medical Drive,Bossier City,71112-4521,LA,,Unable to find,N/A unable to find,,,,,,,,,
6720403,Physicians Behavioral Hospital,2025 Desoto Street,Shreveport,71103-4717,LA,,Unable to find,N/A unable to find,,,,,,,,,
6720056,Physicians Medical Center,218 Corporate Drive,Houma,70360-2768,LA,,Unable to find,N/A unable to find,,,,,,,,,
6720704,Pointe Coupee General Hospital,2202 False River Drive,New Roads,70760-2614,LA,,Non-Profit,N/A unable to find,,,,,,,,,
6720231,Prevost Memorial Hospital,301 Memorial Drive,Donaldsonville,70346-4376,LA,,Public,N/A unable to find,,,,,,,,,
6720248,Promise Hospital Baton Rouge - Main Campus,5130 Mancuso Lane,Baton Rouge,70809-3583,LA,Promise Healthcare,For-Profit,N/A unable to find,,,,,,,,,
6720018,Promise Hospital of Louisiana - Shreveport Campus,1800 Irving Place,Shreveport,71101-4608,LA,Promise Healthcare,For-Profit,N/A unable to find,,,,,,,,,
6720020,Rapides Regional Medical Center,211 4th ST,Alexandria,71301-8421,LA,HCA Healthcare,Non-Profit,2022,List of Counties,"Avoyelles, Grant, Rapides ",N/A,N/A,"Access to healthcare services; cancer; diabetes; heart disease & stroke; infant health & family planning; injury & violence;; mental health; nutrition, physical activity & weight; potentially disabling conditions; respiratory diseases; sexual health; substance abuse; tobacco use","Substnace abuse, mental health, diabestes, injury and violence, nutrition, physical activity and weight, heart disease and stroke, tobacco use, respiratory diseases, sexual health, cancer, potentially disabling diseases, oral health, access to healthcare",https://rapidesregional.com/util/pdf/2023/2022-RHS-Community-Needs-Assessment-and-Implementation-Strategy-a.pdf,https://rapidesregional.com/util/pdf/2023/2022-Implementation-Strategies-and-Action-Plans-for-2023-25-a.pdf,N/A
6720190,Red River Behavioral Center,2800 Melrose Avenue,Bossier City,71111-5870,LA,,Unable to find,N/A unable to find,,,,,,,,,
6720126,Reeves Memorial Medical Center,409 First Street,Bernice,71222-4001,LA,,Unable to find,N/A unable to find,,,,,,,,,
6720372,Rehabilitation Hospital of Jennings,"1 Hospital Drive, Suite 101",Jennings,70546-3641,LA,,Unable to find,N/A unable to find,,,,,,,,,
6720767,Richardson Medical Center,254 Highway 3048,Rayville,71269-0388,LA,,Unable to find,N/A unable to find,,,,,,,,,
6720211,Richland Parish Hospital,407 Cincinnati Street,Delhi,71232-3007,LA,,Unable to find,N/A unable to find,,,,,,,,,
6720639,River Oaks Hospital,1525 River Oaks Road West,New Orleans,70123-2162,LA,"Universal Health Services, Inc.",Unable to find,N/A unable to find,,,,,,,,,
6720030,RiverBridge Specialty Hospital,209 Front Street,Vidalia,71373-2837,LA,Promise Healthcare,Unable to find,N/A unable to find,,,,,,,,,
6720237,Riverland Medical Center,1700 EE Wallace Boulevard North,Ferriday,71334-2239,LA,,Unable to find,N/A unable to find,,,,,,,,,
6720129,Riverside Hospital of Louisiana,13 Heyman Lane,Alexandria,71303-3574,LA,,Unable to find,N/A unable to find,,,,,,,,,
6720247,Riverside Medical Center,1900 Main Street,Franklinton,70438-3688,LA,,Non-Profit,2017,Combination of counties and zip codes,Washington ,"70450, 70427, 70429, 70426, 70438",N/A,"Cancer and Heart Disease, Access to specialist, Older adults and aging, Mental Health and mental disorders","Overcoming Barriers to Good Health, Older Adults, Heart Disease & Stroke,  Other Chronic Diseases, Mental Health & Mental Disorders",https://www2.rmchospital.com/docs/Community_Needs_Assessment_2017.pdf,https://www2.rmchospital.com/docs/Community_Needs_Assessment_2017.pdf,N/A
6720785,Ruston Regional Specialty Hospital,1401 Ezell Street,Ruston,71270-7218,LA,,Unable to find,N/A unable to find,,,,,,,,,
6720400,Sabine Medical Center,240 Highland Drive,Many,71449-3718,LA,Allegiance Health Management,Non-Profit,N/A unable to find,,,,,,,,,
6720051,Sage Rehabilitation Hospital,8000 Summa Avenue,Baton Rouge,70809-3423,LA,Carpenter Health Network,For-Profit,N/A unable to find,,,,,,,,,
6720054,Sage Specialty Hospital (LTAC),8375 Florida Boulevard,Denham Springs,70726-7806,LA,Carpenter Health Network,For-Profit,N/A unable to find,,,,,,,,,
6720396,Savoy Medical Center,801 Poinciana Avenue,Mamou,70554-2298,LA,CHRISTUS Health,Unable to find,2023,List of Counties,"Allen, Avoyelles, Bienville, Evangeline, Grant, Rapides, Red River, Vernon",N/A,N/A,"diabetes, obesity, heart disease, mental health, substance abuse, pediatric access, early education, improving food access, reducing smoking and vaping ","Advance Health & Wellbeing, Build Resilient Communities and improve social determinants ",https://savoymedical.com/wp-content/uploads/2023/01/SFCHS_CHNA_2023.pdf,https://savoymedical.com/wp-content/uploads/2023/01/SFCHS_CHIP_2023.pdf,communityhealthneedsassessment@christushealth.org
6729126,Seaside Behavioral Center,4201 Woodland Drive,New Orleans,70131-7339,LA,,Unable to find,N/A unable to find,,,,,,,,,
6720930,Seaside Health System,4363 Convention Street,Baton Rouge,70806-3906,LA,,Unable to find,N/A unable to find,,,,,,,,,
6720194,Serenity Springs Specialty Hospital,1495 Frazier Road,Ruston,71270-1632,LA,,Unable to find,N/A unable to find,,,,,,,,,
6720840,Shriners Hospitals for Children-Shreveport,3100 Samford Avenue,Shreveport,71103-4289,LA,Shriners Hospitals for Children,Non-Profit,2018,List of Counties,"Bossier, Caddo, De Soto, Webster, Lincoln, Natchitoches, Ouachita, Rapides, Vernon ",N/A,N/A,"Other Orthopedic Aftercare,Adolescent idiopathic scoliosis, thoracolumbar region,Talipes Equinovarus, Congenital, Spastic diplegic cerebral palsy, Other abnormalities of gait and mobility, Other specified congenital deformities of hip, Spastic quadriplegic cerebral palsy, Spastic hemiplegic cerebral palsy, Encounter for orthopedic aftercare ,following scoliosis surgery, Flat foot","Other Orthopedic Aftercare,Adolescent idiopathic scoliosis, thoracolumbar region,Talipes Equinovarus, Congenital, Spastic diplegic cerebral palsy,Other abnormalities of gait and mobility, Other specified congenital deformities of hip,Spastic quadriplegic cerebral palsy,Spastic hemiplegic cerebral palsy, Encounter for orthopedic aftercare,following scoliosis surgery,Flat foot ",https://www.shrinerschildrens.org/-/media/files/shc/other/chna/2018-chna-shreveport.ashx,https://www.shrinerschildrens.org/-/media/files/shc/other/chna/2018-chna-shreveport.ashx,N/A
6720876,Slidell Memorial Hospital,1001 Gause Boulevard,Slidell,70458-2987,LA,Ochsner Health System,Non-Profit,2021,Combination of counties and zip codes,"St. Tammany, Washington, Pearl River, Hancock ","70401, 70447, 70403, 70448, 70458, 70433, 70461, 70471, 70454, 70460",N/A,"Behavioral Health (Mental Health & Substance Abuse),Health Education,and Chronic Diseases","Access to and continuity of care,Mental and behavioral health ,Education and health literacy",https://www.slidellmemorial.org/assets/CHNA_Northshore_12-23-2021.pdf,https://www.slidellmemorial.org/assets/CHNA_Northshore_12-23-2021.pdf,Jennifer.Berger@slidellmemorial.org
6720147,South Cameron Memorial Hospital,5360 West Creole Highway,Cameron,70631-5127,LA,,Non-Profit,N/A unable to find,,,,,,,,,
6720059,Southeast Regional Medical Center,719 Avenue G,Kentwood,70444-2601,LA,,For-Profit,N/A unable to find,,,,,,,,,
6720203,Southern Surgical Hospital,1700 Lindberg Drive,Slidell,70458-8062,LA,,Non-Profit,2017,"Combination of counties, zip codes, and places"," St. Tammany, Tangiphoa, Washington","70433, 70458, 70461, 70448, 70460, 70427, 70435, 70447, 70471, 70452, 70445, 70437, 70420, 70431, 70434, 70457, 70459, 70464, 70469, 70470, 39426, 39457, 39463, 39466, 39470 ","Abita Springs, Bush, Covington, Folsom, Lacombe, Madisonville, Mandeville, Pearl River, Saint Benedict, Slidell, Sun, Talisheek, Carriere, Mc Neill, Nicholson, Picayune, Poplarville",Access to health services; Obesity; Injury Prevention,Access to health services; Obesity; Injury Prevention,https://ololsh.com/wp-content/uploads/2020/10/SSH-CHNA_Final-2017.pdf,https://ololsh.com/wp-content/uploads/2020/10/SSH-CHNA_Final-2017.pdf,N/A
6720393,Specialists Hospital - Shreveport,1500 Line Avenue,Shreveport,71101-4639,LA,,Unable to find,N/A unable to find,,,,,,,,,
6720029,Specialty Hospital,"309 Jackson Street, 7th Floor",Monroe,71201-7407,LA,LHC Group,Unable to find,N/A unable to find,,,,,,,,,
6720133,Specialty Rehabilitation Hospital of Coushatta,1110 Ringgold Avenue Suite B,Coushatta,71019-9073,LA,,Unable to find,N/A unable to find,,,,,,,,,
6720176,Spine Hospital of Louisiana (formally the NeuroMedical Center Surgical Hospital),"10105 Park Rowe Circle, Suite 250",Baton Rouge,70810-1684,LA,,Unable to find,N/A unable to find,,,,,,,,,
6720878,Springhill Medical Center,2001 Doctors Drive,Springhill,71075-4526,LA,Willis-Knighton Health System,Unable to find,2022,List of Places,n/a,n/a,"Springhill, Sarepta, Cullen","Wellness Community/Education, Specialty Physicians, Obesity, High Blood Pressure/Cholesterol, Diabetes ","Wellness / Education, Obesity,  Diabetes / Education / Prevention Cholesterol / Blood Pressure Screenings, Physicians",https://www.smccare.com/copy-of-careers,n/a ,n/a
6720688,St. Bernard Parish Hospital,8000 West Judge Perez Drive,Chalmette,70043-1668,LA,Ochsner Health System,Unable to find,N/A unable to find,,,,,,,,,
6720388,St. Catherine Memorial Hospital,14500 Hayne Boulevard,New Orleans,70128-1751,LA,,Unable to find,N/A unable to find,,,,,,,,,
6720394,St. Charles Parish Hospital,1057 Paul Maillard Road,Luling,70070-4349,LA,Ochsner Health System,Unable to find,N/A unable to find,,,,,,,,,
6720506,St. Charles Surgical Hospital,1717 Saint Charles Avenue,New Orleans,70130-5223,LA,,Unable to find,N/A unable to find,,,,,,,,,
6720460,St. Francis Medical Center,309 Jackson Street,Monroe,71201-7407,LA,"Franciscan Missionaries of Our Lady Health System, Inc.",Non-Profit,2021,Combination of counties and places,"Lincoln, Ouachita",N/A,"Monroe, Calhoun, Eros, Fairbanks, Sterlington, Swartz, West Monroe, Choudrant, Dubach, Grambling, Ruston, Simsboro","Chronic Disease Management, Access to Care, Obesity / Sedentary Lifestyles,Mental Health,Substance Abuse,  Heart Disease / Stroke, Care for the Elderly","CHRONIC DISEASE MANAGEMENT, ACCESS TO CARE, OBESITY / SEDENTARY LIFESTYLES",https://stfran.com/assets/documents/sfmc-2021-chna.pdf,https://stfran.com/assets/documents/sfmc-2021-chna.pdf,N/A
6720246,St. Helena Parish Hospital,16874 Highway 43,Greensburg,70441-4834,LA,,Non-Profit,N/A unable to find,,,,,,,,,
6720068,St. James Behavioral Health Hospital,3136 South Saint Landry Avenue,Gonzales,70737-5801,LA,,For-Profit,N/A unable to find,,,,,,,,,
6720385,St. James Parish Hospital,1645 Lutcher Avenue,Lutcher,70071-5150,LA,,Non-Profit,N/A unable to find,,,,,,,,,
6720106,St. Landry Extended Care Hospital,"539 East Prudhomme Street, 6th Floor",Opelousas,70570-6499,LA,LHC Group,Unable to find,N/A unable to find,,,,,,,,,
6720141,St. Martin Hospital,210 Champagne Boulevard,Breaux Bridge,70517-3700,LA,Lafayette General Health,Non-Profit,2022,List of Counties,"Acadia, Evangeline, Iberia, Jefferson Davis, Lafayette, St Landry, St Martin, St Mary, Vermilion ",N/A,N/A,"Access to primary care,  cancer, diabestes, heeath disparities, health education/ literarcy, heart disease, behavioral/ mental health, maternal and child health, Rural health, weight status, nutrition","Access to primary care,  cancer, diabestes, heeath disparities, health education/ literarcy, heart disease, behavioral/ mental health, maternal and child health, Rural health, weight status, nutrition",https://ochsnerlg.org/sites/default/files/Full%20CHNA%20Report%20-%20Released%201-3-2022_1.pdf,https://ochsnerlg.org/sites/default/files/OLG%20Implementation%20Plan%20-%20Final%20for%20Website%20Posting%20-%209-1-22_0.pdf,paul.molbert@ochsner.org
6720185,St. Tammany Parish Hospital,1202 South Tyler Street,Covington,70433-2330,LA,,Unable to find,2021,List of Counties,"St Tammany, Tangipahoa, Washington",N/A,N/A,"Access to primary care, Health education and literarcy, Behavioral health, Mental health, Chronic diseases, Physical activity, Alcohol and Drug use, Tobacco use","Access to primary care, Health education and literarcy, Behavioral health, Mental health, Chronic diseases, Physical activity, Alcohol and Drug use, Tobacco use",https://www.sttammany.health/upload/docs/AboutUs/2022/CHNA_Northshore_1-4-2022.pdf,https://www.sttammany.health/upload/docs/AboutUs/2022/CHNA_Northshore_1-4-2022.pdf,kmrabalais@stph.org
6720167,Sterling Surgical Hospital,989 Robert Boulevard,Slidell,70458-2009,LA,,Unable to find,N/A unable to find,,,,,,,,,
6720112,Sterlington Rehabilitation Hospital,370 W Hickory Ave,Bastrop,71220-4442,LA,,Unable to find,N/A unable to find,,,,,,,,,
6720169,Surgical Specialty Center of Baton Rouge,8080 Bluebonnet Boulevard,Baton Rouge,70810-7827,LA,,Non-Profit,2021,List of Zip Codes,N/A,"70801, 70802, 70805, 70806, 70807, 70811,70812 ,70817, 70818, 70739",N/A,"ENT, General Surgery, General Pediatric Surgery, Hand, Orthopedics, Spine, Urology","ENT, General Surgery, General Pediatric Surgery, Hand, Orthopedics, Spine, Urology",https://www.brgeneral.org/documents/content/CHNA-2022-final-file-3-23-22-spread.pdf,https://www.brgeneral.org/documents/content/CHNA-2022-final-file-3-23-22-spread.pdf,N/A
6720480,Teche Regional Medical Center,1125 Marguerite Street,Morgan City,70380-1855,LA,LifePoint Health,Unable to find,N/A unable to find,,,,,,,,,
6720290,Terrebonne General Medical Center,8166 Main Street,Houma,70360-3498,LA,,Unable to find,2020,Combination of zip codes and places,Terrebonne,"70343, 70344, 70352, 70353, 70356, 70359, 70360, 70361, 70363, 70364, 70377, 70395, 70397","Bourg, Chauvin, Donner, dulac, Gibson, Gray, Houma, Bayou Cane, Montegut, Schriever, Theriot","Chronic Disease, health education/info, tobacco use, access to care/health education, cancer","Chronic Disease, health education/info, tobacco use, access to care/health education, cancer",https://www.tghealthsystem.com/documents/content/4_23_2020_Final_CHNA_TGMC_Report.pdf,https://www.tghealthsystem.com/documents/content/8_7_2020_Final_TGMC_ISP_Report.pdf,N/A
6720210,The NeuroMedical Center Rehabilitation Hospital,"10101 Park Rowe Avenue, Suite 500",Baton Rouge,70810-1685,LA,AMG Integrated Healthcare Management,Non-Profit,N/A unable to find,,,,,,,,,
6720880,Thibodaux Regional Medical Center,602 North Acadia Road,Thibodaux,70301-4847,LA,QHR,Non-Profit,2022,List of Places,"Assumption, Lafourche, St James, St Mary, Terrebonne",N/A,N/A,"Access to healthcare services, cancer, diabetes, heart disease & stroke, infant health & family planning, injury & violence, Mental Health, Substance Abuse, Nutrition, Physical Activity & Weight, Oral Health, Respiratory Diseases, Potentially Disabling Conditions, Tobacco Use, Sexual Health, Septicemia","Mental Health, Substance Abuse, Nutrition, Physical Activity & Weight, Heart Disease & Stroke, Diabetes, Tobacco Use, Cancer,  Oral Health, Respiratory Diseases, Potentially Disabling Conditions, Injury & Violence, Infant Health & Family Planning, Access to Healthcare Services, Sexual Health",https://www.thibodaux.com/documents/2022-Community-Health-Needs-Assessment.pdf,https://www.thibodaux.com/documents/2022-Community-Health-Needs-Assessment.pdf,N/A
6720670,Touro Infirmary,1401 Foucher Street,New Orleans,70115-3593,LA,LCMC Health,Non-Profit,2021,List of Places,"Jefferson, Orleans, Plaquemines, St. Bernard, St. Charles, St. James, St. John the Baptist, St. Tammany",N/A,N/A,"Access to and Continuity of Care, Health Equity and Discrimination in Healthcare, Mental and Behavioral Health","Access to and Continuity of Care, Health Equity and Discrimination in Healthcare, Mental and Behavioral Health",https://www.lcmchealth.org/sub/59167/documents/CHNA_Touro21.pdf,https://www.lcmchealth.org/documents/2022-Touro-Infirmary-Implementation-Report-Board-Approved.pdf,N/A
6720073,Tri Parish Rehabilitation Hospital,8088 Hawks Road,Leesville,71446-6649,LA,,Unable to find,N/A unable to find,,,,,,,,,
6720032,Tulane Health System,1415 Tulane Avenue,New Orleans,70112-2600,LA,HCA Healthcare,Unable to find,2021,List of Places,"Jefferson, Orleans, St Bernard, St John the baptist, St Tammany, Tangipahoa, Washington  ",N/A,N/A,"Access to care, behavioral health, mental health, clinical care, Tobacco use, Diabetes, Heart disease, cancer","Access to care, behavioral health, mental health, clinical care, Tobacco use, Diabetes, Heart disease, cancer",https://tulanehealthcare.com/util/documents/2022/CHNA_Tulane_12-22-2021-a.pdf,https://tulanehealthcare.com/util/documents/2022/CHNA_Tulane_12-22-2021-a.pdf,sarah.balyeat@hcahealthcare.com
6720225,Union General Hospital,901 James Avenue,Farmerville,71241-2234,LA,,Unable to find,2021,"Combination of counties, zip codes, and places",Union,"71222, 71234, 71241, 71256, 71260, 71277","Bernice, Dawsonville, Farmerville, Lillie, Marion, Spearsville","Adolescent health, Malignant neoplasms, Cardiovascular diseases, Geriatric behaviors, Behavioral health, Drug Abuse, Mental health","Adolescent health, Malignant neoplasms, Cardiovascular diseases, Geriatric behaviors, Behavioral health, Drug Abuse, Mental health",https://uniongen.org/media/1209/unionchnafinal.pdf,https://uniongen.org/media/1209/unionchnafinal.pdf,cwade@uniongen.org
6720097,United Medical Rehabilitation Hospital,"3201 Wall Boulevard, Suite B",Gretna,70056-7755,LA,United Medical Rehabilitation Hospitals,Unable to find,N/A unable to find,,,,,,,,,
6720209,United Medical Rehabilitation Hospital,15717 Belle Drive,Hammond,70403-1439,LA,United Medical Rehabilitation Hospitals,Unable to find,N/A unable to find,,,,,,,,,
6720330,University Hospital and Clinics,2390 West Congress Street,Lafayette,70506-4298,LA,Lafayette General Health,Non-Profit,2022,List of Places,"Acadia, Evangeline, Iberia, Jefferson Davis, Lafayette, St. Landry, St. Martin, St. Mary, Vermilion ",N/A,N/A,"Mental health, cancer, heart disease, access to healthcare, nutrition and weight status, maternal and child health","Access to primary care, cancer, diabetes, health disparities, health education/literacy, heart disease, mental/behavioral health, maternal and child health, rural health, weight status, nutrition ",https://ochsnerlg.org/sites/default/files/Full%20CHNA%20Report%20-%20Released%201-3-2022_1.pdf,https://ochsnerlg.org/sites/default/files/OLG%20OUHC%20Implementation%20Plan%20Final%202-2022.pdf,paul.molbert@ochsner.org and Bently.Senegal@fmolhs.org
6720027,University Medical Center,2000 Canal Street,New Orleans,70112-3018,LA,LCMC Health,Non-Profit,2021,Combination of zip codes and places,"Jefferson, Orleans, Plaquemines, St. Bernard, St. Charles, St. James, St. John the Baptist, St. Tammany ","70115, 70119, 70118, 70122, 70126, 70127, 70117, 70128, 70124, 70130",N/A,"Access to  care, Health literacy, Behavioral health"," Access to and continuity of care,  Mental and Behavioral Health, Health Education and Health Literacy, Discrimination in Health Care, Health Related Impacts of Violence",https://www.lcmchealth.org/sub/59170/documents/2021_Community_Health_Needs_Assessment_UMC.pdf,https://www.lcmchealth.org/documents/UMC-CHNA-Implementation-Plan-V2-03.21.2022.pdf, CommunityOutreach@ochsner.org toni.flowers@lcmchealth.org. 
6720390,Vermilion Behavioral Health Systems - North Campus,2520 North University Avenue,Lafayette,70507-5306,LA,"Acadia Healthcare Company, Inc.",For-Profit,N/A unable to find,,,,,,,,,
6729060,Villa Feliciana Medical Complex,5002 Highway 10,Jackson,70748-3627,LA,,For-Profit,N/A unable to find,,,,,,,,,
6720879,,701 Cypress Street,Sulphur,70663-5000,LA,West Calcasieu health system,Non-Profit,2020,"Combination of counties, zip codes, and places","Beauregard, Cameron, Calcasieu ","70663, 70665, 70668, 70633, 70669, 70645","Sulphur, Carlyss, Vinton, DeQuincy, Westlake, Hackberry","Access to Care,  Behavioral and mental health, Chronic disease prevention and management, Accidental prevention"," Access to care, Behavioral and mental health,  Chronic disease prevention and management, Accident preention",https://www.wcch.com/Content/Uploads/wcch/images/WCCH_CHNA_2020.pdf,https://www.wcch.com/Content/Uploads/wcch/images/WCCH_CHNA_2020.pdf,N/A
6720706,,706 Ross Street,Oak Grove,71263-9798,LA,West Carroll health system,Non-Profit,N/A unable to find,,,,,,,,,
6720761,,5266 Commerce Street,Saint Francisville,70775,LA,West Feliciana health system,Non-Profit,N/A unable to find,,,,,,,,,
6720415,West Jefferson Medical Center,1101 Medical Center Boulevard,Marrero,70072-3191,LA,LCMC Health,Non-Profit,2021,Combination of zip codes and places,"Jefferson, Orleans, Plaquemines, St. Bernard, St. Charles, St. James, St. John, the Baptist,  St. Tammany ","70115, 70119, 70118, 70122, 70126, 70127, 70117, 70128, 70124, 70130",N/A,"Access to and Continuity of Care, Education and Health Literacy, Health Equity and Discrimination in Healthcare","Access to and Continuity of Care, Education and Health Literacy, Health Equity and Discrimination in Healthcare",https://www.lcmchealth.org/documents/content/CHNA_WJMC21.pdf,https://lcmchealth.sharepoint.com/WJMC/Shared%20Documents/Forms/AllItems.aspx?id=%2FWJMC%2FShared%20Documents%2FGeneralDocs%2FWJMC%20CHNA%20Implementation%20Plan%2D%202022%20%2D%202025%2Epdf&parent=%2FWJMC%2FShared%20Documents%2FGeneralDocs&p=true&ga=1,"CommunityOutreach@ochsner.org,    toni.flowers@lcmchealth.org. "
6720877,Willis-Knighton Medical Center,2600 Greenwood Road,Shreveport,71103-3908,LA,Willis-Knighton Health System,Non-Profit,2022,"Combination of counties, zip codes, and places","Bossier, Caddo ","71004, 71007,71029,71033,71043,71044,71047,71060,71061,71069,71082,71101,71103,71104,71105,71106,71108,71109,71115,71118,71119,71129,71006,71037,71051,71064,71067,71107,71110,71111,71112",N/A,"Access to Health Services, Healthcare Issues of Adults and 65+,Health Communication,  Clinical Preventive Services, Mental Health and Mental Disorders,Overweight and Obesity,Diabetes,Cancer, Chronic Disease","Access to Health Services, Healthcare Issues of Adults and 65+,Health Communication,  Clinical Preventive Services, Mental Health and Mental Disorders",https://www.wkhs.com/docs/default-source/community-health-needs-assessment/2022-chna-implementation-strategies.pdf?placement=wkpps.com,https://www.wkhs.com/docs/default-source/community-health-needs-assessment/2022-chna-implementation-strategies.pdf,N/A
6720888,Winn Parish Medical Center,301 West Boundary Avenue,Winnfield,71483-3427,LA,,For-Profit,N/A unable to find,,,,,,,,,
6720121,Woman's Hospital,100 Woman's Way,Baton Rouge,70817-5100,LA,,Unable to find,2021,List of Places,East Baton Rouge,N/A,N/A,"Obesity, HIV and other STIs, Mental and Behavioral Health, Chronic Diseases, Healthy Equity and Racial Disparities, Nutrition/Food Access, Smoking Cessation, Maternal and Infant Health, Pediatric and Adolescent Health, Public Health Emergency Preparedness, Sexually Transmitted Infections/HIV/Hepatitis C, . Social Determinants of Health","Obesity, HIV and other STIs, Mental, Behavioral Health, Access to Care, Healthy Living",https://www.brgeneral.org/documents/content/CHNA-2022-final-file-3-23-22-spread.pdf,https://www.brgeneral.org/documents/content/CHNA-2022-final-file-3-23-22-spread.pdf,N/A
6720345,Women's and Children's Hospital,4600 Ambassador Caffery Parkway,Lafayette,70508-6923,LA,HCA Healthcare,Unable to find,2021,List of Places,"Acadia, Evangeline, Iberia, Jefferson Davis, Lafayette, St. Landry, St. Martin, St. Mary, Vermilion ",N/A,N/A,"Access to primary care, Cancer, Diabetes, Health disparities, Health education/literacy, Heart disease, Mental/behavioral health, Maternal and child health, Rural health, obesity","Access to primary care, Cancer, Diabetes, Health disparities, Health education/literacy, Heart disease, Mental/behavioral health, Maternal and child health, Rural health, obesity",https://ochsnerlg.org/sites/default/files/Full%20CHNA%20Report%20-%20Released%201-3-2022_1.pdf,https://ochsnerlg.org/sites/default/files/Full%20CHNA%20Report%20-%20Released%201-3-2022_1.pdf,paul.molbert@ochsner.org