ID,Healthcare_Name,Street_Address,City,Zipcode,State,Associated_Health_System,Non-Profit_Status,CHNA_Year,Service_Area_Type,Service_Area_Counties,Service_Area_Zip,Service_Area_Places,Health_Needs,Health_Priorities,CHNA_URL,Implementation_URL,Contact,,
6320013,Adventist Healthcare Physical Health and Rehabilitation,9909 Medical Center Drive,Rockville,20850-6361,MD,Adventist HealthCare,Non-Profit,2020,"Combination of counties, zip codes, and places",Prince George's,"20744, 20745, 20748, 20607","Fort Washinton, Oxon Hill, Temple Hill, Acckeek","Behavioral Health, Substance Use, Daibetes, Heart Disease, Hypertension, Cancer, HIV, STI's Infant Health, Maternal Health, Senior Health, Asthma, Oral Health, Housing Sustanibility, Low-Income and Employed, Needs of Immigrants, Need for Innovative Outreach","Social Determinants of Health, Behavioral Health, Obesity and Metabiloc Syndrome, Cancer",https://www.adventisthealthcare.com/app/files/public/17ea72a6-b9b6-4f28-8dd5-5c02d037159a/2020-CHNA-FWMC.pdf,https://www.adventisthealthcare.com/app/files/public/af087e4a-4571-420a-8caf-c0b4166ea484/2020-CHNA-AHC-ImplementationStrategy.pdf,Health-OAP@co.pg.md.us,,
6320775,Adventist Healthcare Shady Grove Medical Center,9901 Medical Center Drive,Rockville,20850-3395,MD,Adventist HealthCare,Non-Profit,2022,List of Counties,"Montgomery, Frederick, Prince George's",N/A,n/a,"Heart diseases, Cancer, Covid 19, Stroke, Chronic lower respiratory diseases, Diabetes, Accidents, Alzheimer","Overweight/ obesity, Mental and Behavioral Health, Diabetes, High blood pressure, Heart diseases, Cancer, Smoking, Drug, Alcohol, Traffic accidents, Dental Health issues",https://www.adventisthealthcare.com/app/files/public/0327fd02-1252-4e44-819c-c85040001919/2023-CHNA-MCHC.pdf,https://www.adventisthealthcare.com/app/files/public/d6fb5bb7-54bb-467f-a3ac-db276c321665/2023-CHNA-MCHC-ImplementationStrategy.pdf,N/A,,
6322080,Adventist Healthcare Washington Adventist Hospital,7600 Carroll Avenue,Takoma Park,20912-6392,MD,Adventist HealthCare,Non-Profit,2022,Combination of counties and zip codes,"Prince Georges, Montgomery","20737, 20740, 20782, 20783, 20901, 20902, 20903, 20904, 20906, 20910, 20912, 20002, 20011, 20012, 20705, 20706, 20707, 20708, 20710, 20712, 20720, 20721, 20722, 20743, 20747, 20770, 20774, 20781, 20784, 20850, 20853, 20866, 20874, 20905",n/a,"Heart diseases, Cancer, Covid 19, Stroke, Chronic lower respiratory diseases, Diabetes, Accidents, Alzheimer","Overweight/ obesity, Mental and Behavioral Health, Diabetes, High blood pressure, Heart diseases, Cancer, Smoking, Drug, Alcohol, Traffic accidents, Dental Health issues",https://www.adventisthealthcare.com/app/files/public/0327fd02-1252-4e44-819c-c85040001919/2023-CHNA-MCHC.pdf,https://www.adventisthealthcare.com/app/files/public/d6fb5bb7-54bb-467f-a3ac-db276c321665/2023-CHNA-MCHC-ImplementationStrategy.pdf,N/A,,
6320020,Anne Arundel Medical Center,2001 Medical Parkway,Annapolis,21401-3019,MD,,Non-Profit,2022,"Combination of counties, zip codes, and places",Anne Arundel,"20758 , 21077, 21225, 21226, 21060, 21061","Friendship, Galesville, Brooklyn, Curtis Bay, Glen Burnie","Heart Disease and Cancer, Overweight and Obesity, Diabetes, Mental Health, Substance Use","Chronic Disease, Obesity/Diabetes Prevention, Behavioral Health, Social Determinants of Health",https://www.luminishealth.org/sites/default/files/2022-10/CHNA-2022-Anne-Arundel-Co1_0.pdf,https://www.luminishealth.org/sites/default/files/2022-10/Luminis-Health-CHNA-Implementation-Plan-FY22-24.pdf,N/A,,
6320003,Atlantic General Hospital,9733 Healthway Drive,Berlin,21811-1155,MD,,Non-Profit,2022,"Combination of counties, zip codes, and places","Sussex, Worcester","19939, 19939, 19945, 19975, 21811, 21813, 21841, 21842, 21843, 21862, 21872, 21874","Dagsboro, Frankford, Selbyville, Berlin, Bishopville, Newark, Ocean City. Showell, Whaleyville, Willards","High Blood Pressure/Stroke, Overweight/Obesity, Diabetes/Sugar, Cancer, Heart Disease, Smoking/Drug/Alcohol Use, Meanth Health Issues (depression, anxiety), Access to Healthcare/No Health Insurance, Asthma/Lung Disease, Dental Health","High Blood Pressure/Stroke, Overweight/Obesity, Diabetes/Sugar, Cancer, Heart Disease, Smoking/Drug/Alcohol Use, Meanth Health Issues",https://www.atlanticgeneral.org/images/AGH-2339-Community-Needs-Assessment-Rpt-2022-WEB.pdf,https://www.atlanticgeneral.org/documents/CHNA-2022-Implementation-Plan-sm.pdf,N/A,,
6320090,Bon Secours Baltimore Health System,2000 West Baltimore Street,Baltimore,21223-1558,MD,Bon Secours Mercy Health,Non-Profit,2019,List of Places,N/A,N/A,"Edmondson Village, Forest Park/Walbrook, Greater Mondawmin, Greater Rosemont, Penn North/Reservoir Hill, Poppleton/The Terraces/Hollins Market, Sandtown-Winchester/Harlem Park, Southwest Baltimore, Upton/Druid Heights, Washington Village/Pigtown","Crime and Related Trauma, Behavioral Health/Substance Abuse/Opioid, Access to Primary Care Physicians, Chronic Conditions, Children's Health, Health Education/Public Education System, Youth Services (Ages 5-18), Access to Healthy Foods, Employment & Workforce Development. Community Engagement. Housing & Homelessness. Financial Counseling & Literacy, Coordination of Services Across Community, Senior Support Services, Transportation","Crime and Related Trauma, Employment and Workforce Development, Housing and Homelessness, Access to Healthy Foods, Health Education, and collaboration with the Public Education System, Services for Youth (ages 5 to 18), Senior Support Services",https://www.bonsecours.com/-/media/bon-secours/about-us/baltimore/bsmh-baltimore-fy19-chna_final.ashx,N/A,N/A,,
6320575,Brook Lane Health Services,13121 Brook Lane,Hagerstown,21742-1435,MD,,Non-Profit,2019,"Combination of counties, zip codes, and places",Washington,"21711, 21713, 21719, 21722, 21733, 21740, 21742, 21750, 21756, 21756, 21758 ,21767, 21769, 21779, 21780, 21782, 21783, 21795, 21715, 21720, 21721, 21734. 21741, 21746, 21747, 21748, 21749, 21781","Big Pool, Boonsboro, Cascade, Clear Spring, Fairplay, Hagerstown, Hancock, Keedysville, Maugansville, Middletown, Rohrersville, Sabillasville, Sharpsburg, Smithsburg, Williamsport, Brownsville, Cavertown, Chewsvillle, Funkstown, Saint James","Substance Abuse, Mental Health, Obesity and Weight loss, Wellness, Diabetes, Heart Disease and Hypertension, Adverse Childhood Events, Senior Elder issues, Cancer, Nutrition and Healthy Eating, Transportation, Homelessness, Recreation and Exercise, Access to Health Care, Poverty, Teenage Pregnancy, Dental, Education, Affordable Health Care, Smoking, Medication, Child health, Employment, Crime, Affordable Housing, Vision / Hearing","Substance Abuse, Mental Health, Obesity and Weight loss, Wellness, Diabetes, Heart Disease and Hypertension, Adverse Childhood Events, Senior Elder issues, Cancer, Nutrition and Healthy Eating, Transportation, Homelessness, Recreation and Exercise, Access to Health Care, Poverty, Teenage Pregnancy, Dental, Education, Affordable Health Care, Smoking, Medication, Child health, Employment, Crime, Affordable Housing, Vision / Hearing",https://www.brooklane.org/sites/default/files/FY2019%20CHNA%20Report%20FINAL%20with%20cover%20sheet.pdf,N/A,N/A,,
6320730,CalvertHealth Medical Center,100 Hospital Road,Prince Frederick,20678-4017,MD,,Non-Profit,2020,Combination of counties and zip codes,Calvert,"20688, 20629,20657, 20615, 20685, 20676, 20678, 20639, 20689, 20732, 20736, 20714, 20754",n/a,"Education, Environment, Older Adults & Aging, Oral Health, Substance Abuse, Transportation, Women's Health","Cancer, Heart Disease & Stroke, Mental Health & Mental Disorders, Exercise, Nutrition, & Weight ",https://www.calverthealthmedicine.org/Uploads/Public/Documents/CommunityNeeds/CalvertHealth%202020%20CHNA.pdf,https://www.healthycalvert.org/content/sites/calverthospital/Reports/2020_-_2023_Implementation_Strategy_.pdf,n/a,,
6320880,Carroll Hospital Center,200 Memorial Avenue,Westminster,21157-5799,MD,LifeBridge Health,Non-Profit,2021,List of Zip Codes,N/A,"21157, 21158, 21784, 21074, 21787, 21048, 21102, 21771",N/A,"Alcohol Abuse, Illegal Drug Abuse, Mental Health, Prescription Drug Abuse, Suicide","Alcohol Abuse, Illegal Drug Abuse, Mental Health, Prescription Drug Abuse, Suicide",https://healthycarroll.org/wp-content/uploads/2021/04/chna-final-consolidated-report-2021.pdf,https://healthycarroll.org/wp-content/uploads/2021/04/chna-final-consolidated-report-2021.pdf,N/A,,
6320636,Clifton T. Perkins Hospital Center,8450 Dorsey Run Road,Jessup,20794-9486,MD,,Non-Profit,2022,List of Counties,"Baltimore, Anne Arundel, Harford, Howard, Montgomery, Prince George's",N/A,n/a,"Behavioral Health Provider Capacity, Access to Mental Health Services for Children & Adolescents,Access to Mental Health Services for Adults, Access to Mental Health Crisis Care Mental Health and Substance Use Stigma,Social Determinants of Health",N/A,https://www.sheppardpratt.org/files/resources/2022-sheppard-pratt-community-health-needs-assessm.pdf,N/A,N/A,,
6320783,Deer's Head Hospital Center,351 Deer's Head Hospital Road,Salisbury,21801-3201,MD,,Non-Profit,2022,List of Counties,"Somerset, Wicomico, Worcester",N/A,N/A,"Alcohol, Drug use, Mental Health, access to affordable Health care services,Weight status","Access to care, Health equity, Drug use, Chronic disease, Wellness",http://somersethealth.org/wp-content/uploads/2019/11/Final_TidalHealthSCHDWiCHD_2022_CHNA-1-1.pdf,N/A,N/A,,
6320645,Doctors Community Hospital,8118 Good Luck Road,Lanham,20706-3574,MD,,Non-Profit,2022,"Combination of counties, zip codes, and places",Prince George's,"20706, 20774, 20785, 20743, 20784,20770, 20721, 20747,20720, 20737, 20715","Lanham, Upper Marlboro, Hyattsville, Capitol Heights, Hyattsville, Greenbelt, District Heights, Bowie,Riverdale","Social determinants of health, Behavioral health, Obesity and metabolic syndrome, Cancer","Social Determinants of Health, Behavioral Health, Obesity, Metabolic disorders, Cancer",https://www.luminishealth.org/sites/default/files/2022-11/2022-Prince-Georges-County-CHA-Luminis.pdf,https://www.luminishealth.org/sites/default/files/2022-10/Luminis-Health-CHNA-Implementation-Plan-FY22-24.pdf,Health-OAP@co.pg.md.us,,
6320380,Eastern Shore Hospital Center,5262 Woods Road,Cambridge,21613-3796,MD,,Non-Profit,2022,List of Counties,"Baltimore, Anne Arundel, Harford, Howard, Montgomery, Prince George's",N/A,N/A,"Behavioral Health Provider Capacity, Access to Mental Health Services for Children & Adolescents,Access to Mental Health Services for Adults, Access to Mental Health Crisis Care, Mental Health and Substance Use Stigma,Social Determinants of Health",N/A,https://www.sheppardpratt.org/files/resources/2022-sheppard-pratt-community-health-needs-assessm.pdf,N/A,N/A,,
6320008,Fort Washington Medical Center,"175 Waterfront Street, Suite 225",Oxen Hill,20744,MD,Adventist Healthcare,Non-Profit,2022,Combination of counties and places,Prince George's,n/a,"Fort Washington, Oxon Hill, Accokeek, Temple Hills","health disparites, chronic conditions, behavioral health","Social determinants of health, behavioral health, obesity and metabolic syndrome, cancer",https://www.adventisthealthcare.com/app/files/public/06933932-0e5e-4a74-b2a9-31e3e00a18e9/2023-CHNA-PGCHD.pdf,https://www.adventisthealthcare.com/app/files/public/962c7210-bb7c-433c-b305-3c51a531e660/2023-CHNA-PGCHD-ImplementationStrategy.pdf,n/a ,,
6320540,Frederick Regional Health System,400 West Seventh Street,Frederick,21701-4593,MD,,Non-Profit,2022,List of Counties,Frederick,N/A,N/A,"Physical activity, Obesity, Hypertension, Binge Drinking, Lack of Early Prenatal Care, Tobacco Use, Adverse Childhood Experiences, Breast Cancer, Diabetes, Mental Health, Overdose Deaths","Adverse Childhood Experiences & Infant Health, Behavioral Health, Chronic Conditions",https://health.frederickcountymd.gov/DocumentCenter/View/7489/2022-Frederick-County-CHNA-final,https://www.frederickhealth.org/documents/content/FMH-CHNA-Implementation-Strategy-Signed-9-24-19.pdf,N/A,,
6320685,Garrett Regional Medical Center,251 North Fourth Street,Oakland,21550-1375,MD,,Non-Profit,2022,List of Counties,Garrett,N/A,N/A,"Mental Health, Nutrition, Physical Activity, Chronic diseases, Jobs, Wages and Economic Development, Affordable Housing, Child Maltreatment, Veterans, Access to Healthcare, Domestic Abuse, Lack of Food, Oral Health, Disabilities, Vaccines, Obesity, COVID-19, Homelessness, Crime, Transportation, Maternal Health, Social Isolation, Communication, Discrimination, Sexually Transmitted Illnesses and Language Barriers","Mental Health, Nutrition, Physical Activity, Chronic diseases, Jobs, Wages and Economic Development, Affordable Housing",https://www.dropbox.com/s/nn9zpm0ylqub7sa/2024%20Garrett%20County%20CHA%20-%202022.8.11.a.pdf?dl=0,N/A,N/A,,
6320125,Greater Baltimore Medical Center,6701 North Charles Street,Baltimore,21204-6892,MD,,Non-Profit,2021,List of Counties,Baltimore,N/A,N/A,"Physical Health, Safety, Substance Use Disorders, Food Security, Access to Care, Income, Mental Health, Built Environment, Transportation Options, Transit","Health Disparities, Behavioral Health, Physical Health ",https://www.gbmc.org/assets/documents/our-community/chna/2021_chna_summary.pdf,https://www.gbmc.org/assets/documents/our-community/chna/fy22_chna_implementation_plan.pdf,N/A,,
6320004,HEALTHSOUTH Chesapeake Rehabilitation Hospital,220 Tilghman Road,Salisbury,21804-1921,MD,Encompass Health Corporation,Unable to Find,N/A unable to find,,,,,,,,,,,
6320391,Holy Cross Germantown Hospital,19801 Observation Drive,Germantown,20876-4070,MD,Trinity Health,Non-Profit,2020,"Combination of counties, zip codes, and places","Montgomery, Prince George's","20705, 20707, 20740, 20742, 20770, 20782, 20783, 20852, 20866, 20868, 20895, 20901, 20902, 20903, 20904, 20905, 20906, 20910, 20912 ","Beltsville, Laurel, College Park, Greenbelt, Hyattsville, Rockville,  Burtonsville, Spencerville,  Kensington, Silver Spring, Takoma Park","Access to Care, Food Insecurity, Housing, Vulnerable Populations (Senior, Maternal & Infant Population), Diabetes, Cancers, Cardiovascular Health, Obesity, Behavioral Health","Populations experiencing vulnerability, Chronic Diseases, Social Influencers of Health",https://www.holycrosshealth.org/assets/documents/community_involvement/holy-cross-germantown-hospital-community-health-needs-assesssment-fiscal-year-2020,https://www.holycrosshealth.org/assets/documents/community_involvement/hcgh-implementation-strategy-2020-2022-year-3,driverm@holycrosshealth.org,,
6320813,Holy Cross Hospital,1500 Forest Glen Road,Silver Spring,20910-1487,MD,Trinity Health,Non-Profit,2020,"Combination of counties, zip codes, and places","Montgomery, Prince George's","20705, 20707, 20740, 20742, 20770, 20782, 20783, 20852, 20866, 20868, 20895, 20901, 20902, 20903, 20904, 20905, 20906, 20910, 20912 ","Beltsville, Laurel, College Park, Greenbelt, Hyattsville, Rockville,  Burtonsville, Spencerville,  Kensington, Silver Spring, Takoma Park","Access to Care, Food Insecurity, Housing, Vulnerable Populations (Senior, Maternal & Infant Population), Diabetes, Cancers, Cardiovascular Health, Obesity, Behavioral Health","Populations experiencing vulnerability, Chronic Diseases, Social Influencers of Health",https://www.holycrosshealth.org/assets/documents/community_involvement/holy-cross-hospital-community-health-needs-assesssment-fiscal-year-2020,https://www.holycrosshealth.org/assets/documents/community_involvement/hch-implementation-strategy-2020-2022-year-3,driverm@holycrosshealth.org,,
6320460,Howard County General Hospital,5755 Cedar Lane,Columbia,21044-2999,MD,Johns Hopkins Health System,Non-Profit,2022,Combination of counties and zip codes,"Howard, Anne Arundel, Baltimore, Carroll, Frederick, Montgomery, Prince George's","20701, 20723, 20759, 20763, 20777, 20794, 20833, 21029, 21036, 21042, 21043, 21044, 21045, 21046, 21075, 21076, 21104, 21163, 21723, 21737, 21738, 21771, 21784, 21794, 21797",N/A,"Access to Care, Healthy Weight, Healthy Aging, Behavioral Health, Maternal/Infant Health","Healthy Beginnings, Healthy Living, Healthy Minds , Healthy Foundations",https://www.hopkinsmedicine.org/howard_county_general_hospital/_downloads/2022_Community_Health_Needs_Assessment_and_Implementation_Strategy.pdf,https://www.hopkinsmedicine.org/howard_county_general_hospital/_downloads/2022_Community_Health_Needs_Assessment_and_Implementation_Strategy.pdf,N/A,,
6320050,Johns Hopkins Bayview Medical Center,4940 Eastern Avenue,Baltimore,21224-2780,MD,Johns Hopkins Health System,Non-Profit,2021,"Combination of counties, zip codes, and places",Baltimore,"21202, 21205, 21206, 21213, 21218, 21219, 21222, 21224, 21231","Baltimore, Dundalk, Sparrows Point","Housing, transportation, and neighborhoods; Racism, discrimination, and violence; Education, job opportunities, and income; Access to nutritious foods and physical activity opportunities; Air and water quality; Language and literacy skill","Behavioral helath-substance abuse, Behavioral health-menatl health, Diabetes/Obesity, Cardiovascular Disease, Chronic disease Mgmt & education ",https://gca.jhu.edu/wp-content/uploads/sites/17/CHNA-2021-FINAL-062221-4.pdf,https://gca.jhu.edu/wp-content/uploads/sites/17/CHNA-2021-FINAL-062221-4.pdf,N/A,,
6320180,Johns Hopkins Hospital,"600 North Wolfe Street, Admin 104",Baltimore,21287-1629,MD,Johns Hopkins Health System,Unable to Find,2022,"Combination of counties, zip codes, and places",Baltimore,"21202, 21205, 21206, 21213, 21218, 21219, 21222, 21224, 21231","Baltimore, Dundalk, Sparrows Point","Housing, transportation, and neighborhoods; Racism, discrimination, and violence; Education, job opportunities, and income; Access to nutritious foods and physical activity opportunities; Air and water quality; Language and literacy skill","Behavioral helath-substance abuse, Behavioral health-menatl health, Diabetes/Obesity, Cardiovascular Disease, Chronic disease Mgmt & education ",https://gca.jhu.edu/wp-content/uploads/sites/17/CHNA-2021-FINAL-062221-4.pdf,https://gca.jhu.edu/wp-content/uploads/sites/17/CHNA-2021-FINAL-062221-4.pdf,N/A,,
6320750,Kennedy Krieger Institute,707 North Broadway,Baltimore,21205-1890,MD,,Non-Profit,2022,FALSE,N/A,N/A,N/A,N/A,"Capacity Building Through Training and Technical Assistance, Access to Services, Advocacy, Transition to Adulthood, Environmental Influences",https://www.kennedykrieger.org/community-health-needs-assessment,https://www.kennedykrieger.org/community-health-needs-assessment,N/A,,
6320190,Levindale Hebrew and Geriatric Center,2434 West Belvedere Avenue,Baltimore,21215-5267,MD,LifeBridge Health,Non-Profit,2021,List of Zip Codes,N/A,"21215, 21207, 21117, 21216, 21208, 21209",N/A,"Behavioral Health/Substance Abuse, Behavioral Health and Housing, Chronic Disease, Diabetes, Chronic Disease, Cardiovascular, Workforce Development, Community Health Education, Access to Insurance","Heart Disease, Mental Health and Depression/Substance Abuse, Community Health and Wellness Education, Diabetes, Health Disparities, Housing, Food Insecurity, Community Safety",https://www.lifebridgehealth.org/Uploads/Public/Documents/Population%20Health/Levindale%20CHNA_Final_6%201%2021.pdf,https://www.lifebridgehealth.org/Uploads/Public/Documents/Population%20Health/Levindale%20CHNA_Final_6%201%2021.pdf,N/A,,
6320440,McCready Health,201 Hall Highway,Crisfield,21817-1299,MD,Tidal Health ,Non-Profit,2017,"Combination of counties, zip codes, and places",Somerset,"21817, 21838, 21871","Chance, Prince Anne, Crisfield, Dames Quarter, Deal Island, Eden, Fairmount, Frenchtown, Mount Vernon, Rumbley, Smith Island, West Pocomoke","Access to healthy food, transportation, education, housing quality and exposure to environmental factors","chronic illness treatment, exercising,eating properly",https://hscrc.maryland.gov/Documents/HSCRC_Initiatives/CommunityBenefits/CBR-FY17/McCready-CBR17.pdf,https://hscrc.maryland.gov/Documents/HSCRC_Initiatives/CommunityBenefits/CBR-FY17/McCready-CBR17.pdf,N/A,,
6320120,MedStar Franklin Square Medical Center,9000 Franklin Square Drive,Baltimore,21237-3901,MD,MedStar Health,Non-Profit,2021,Combination of zip codes and places,N/A,"21220, 21221",Baltimore,"Health and Wellness, Access to healthcare and Services, Social determinants of health","Health and Wellness, Access to Care and Services, Social Determinats of Health",https://www.medstarhealth.org/-/media/project/mho/medstar/pdf/medstar_health_2021_chna_report.pdf,https://www.medstarhealth.org/-/media/project/mho/medstar/pdf/medstar_health_2021_chna_report.pdf, Susanna.D.Kerocco@medstar.net,,
6320127,MedStar Good Samaritan Hospital,5601 Loch Raven Boulevard,Baltimore,21239-2995,MD,MedStar Health,Non-Profit,2021,Combination of zip codes and places,N/A,"21239, 21206",Baltimore,"Health and Wellness, Access to healthcare and Services, Social determinants of health","Chronic diseases prevention and management, Behavioral health: Substance use disorders and mental health, Aging and older adult health, Access to affordable health care and insurance, Transportation, Food insecurity, Neighborhood safety/community violence, Employment",https://www.medstarhealth.org/-/media/project/mho/medstar/pdf/medstar_health_2021_chna_report.pdf,https://www.medstarhealth.org/-/media/project/mho/medstar/pdf/medstar_health_2021_chna_report.pdf,N/A,,
6320290,MedStar Harbor Hospital,3001 South Hanover Street,Baltimore,21225-1290,MD,MedStar Health,Non-Profit,2021,Combination of zip codes and places,N/A,21225,Baltimore,"Health and Wellness, Access to healthcare and Services, Social determinants of health","Chronic diseases prevention and management, Behavioral health:Substance use disorders and mental health, Aging and older adult health, Access to affordable health care and insurance, Transportation, Food insecurity, Neighborhood safety/community violence,Employment",https://www.medstarhealth.org/-/media/project/mho/medstar/pdf/medstar_health_2021_chna_report.pdf,https://www.medstarhealth.org/-/media/project/mho/medstar/pdf/medstar_health_2021_chna_report.pdf,N/A,,
6320690,MedStar Montgomery Medical Center,18101 Prince Philip Drive,Olney,20832-1512,MD,MedStar Health,Non-Profit,2021,Combination of zip codes and places,N/A,"20832, 20853, 20906, 20904",Baltimore,"Health and Wellness, Access to healthcare and Services, Social determinants of health","Chronic disease prevention and management, Behavioral health, Substance use disorders and mental health, Aging and older adult health, Access to affordable health care and insurance, Food insecurity",https://www.medstarhealth.org/-/media/project/mho/medstar/pdf/community-health-needs-assessment/medstar_health_2021_chna_report.pdf ,https://www.medstarhealth.org/-/media/project/mho/medstar/pdf/community-health-needs-assessment/medstar_health_2021_chna_report.pdf ,N/A,,
6320416,MedStar Southern Maryland Hospital Center,7503 Surratts Road,Clinton,20735-3358,MD,MedStar Health,Non-Profit,2021,Combination of counties and zip codes,Baltimore,"20744, 20748, 20735, 20746, 20747, 20772",N/A,"Health and Wellness, Access to healthcare and Services, Social determinants of health","Chronic disease prevention and management, Behavioral health, Substance use disorders and mental health, Aging and older adult health, Access to affordable health care and insurance, Food insecurity",https://www.medstarhealth.org/-/media/project/mho/medstar/pdf/community-health-needs-assessment/medstar_health_2021_chna_report.pdf,https://www.medstarhealth.org/-/media/project/mho/medstar/pdf/community-health-needs-assessment/medstar_health_2021_chna_report.pdf,N/A,,
6320670,MedStar St. Mary's Hospital,25500 Point Lookout Road,Leonardtown,20650-2015,MD,MedStar Health,Non-Profit,2021,Combination of counties and zip codes,Baltimore,"21220, 21221,20011, 20002, 20019, 21239, 21206,21225,20906",N/A,"Health and Wellness, Access to healthcare and Services, Social determinants of health","Health and wellness, Access to health care and services, Social determinants of health",https://www.medstarhealth.org/-/media/project/mho/medstar/pdf/community-health-needs-assessment/medstar_health_2021_chna_report.pdf,https://www.medstarhealth.org/-/media/project/mho/medstar/pdf/community-health-needs-assessment/medstar_health_2021_chna_report.pdf,N/A,,
6320310,MedStar Union Memorial Hospital,201 East University Parkway,Baltimore,21218-2895,MD,MedStar Health,Non-Profit,2021,Combination of counties and zip codes,Baltimore,"21220, 21221, 20011, 20002, 20019, 21239, 21206, 21225, 20906",N/A,"Health and Wellness, Access to healthcare and Services, Social determinants of health","Health and wellness, Access to health care and services, Social determinants of health",https://www.medstarhealth.org/-/media/project/mho/medstar/pdf/community-health-needs-assessment/medstar_health_2021_chna_report.pdff,https://www.medstarhealth.org/-/media/project/mho/medstar/pdf/community-health-needs-assessment/medstar_health_2021_chna_report.pdff,N/A,,
6320220,Mercy Medical Center,301 St Paul Place,Baltimore,21202-2165,MD,,Non-Profit,2021,"Combination of counties, zip codes, and places"," Baltimore, Anne Arundel","21217, 21201, 21202, 21231",Baltimore,"Access to care and frequency of care for homeless neighbors, Providing support to victims of violence and addiction, Implement strategies to improve birth outcomes and pre-natal care for expectant mothers, Expanding access to preventative health services such as primary care to mprove outcomes, manage chronic disease, and reduce total cost of care,  Provide targeted health education opportunities to the public and support the education of future physicians, advance practice providers, nurses, and other healthcare workers who in-turn serve the community","Access to care and frequency of care for homeless neighbors, Providing support to victims of violence and addiction, Implement strategies to improve birth outcomes and pre-natal care for expectant mothers, Expanding access to preventative health services such as primary care to mprove outcomes, manage chronic disease, and reduce total cost of care,  Provide targeted health education opportunities to the public and support the education of future physicians, advance practice providers, nurses, and other healthcare workers who in-turn serve the community",https://mdmercy.com/-/media/files/about-mercy/policies-and-documents/2021_chna_final.ashx ,https://mdmercy.com/-/media/files/about-mercy/policies-and-documents/2021_chna_final.ashx ,N/A,,
6320580,Meritus Medical Center,11116 Medical Campus Road,Hagerstown,21742-6710,MD,,Non-Profit,2022,Combination of zip codes and places,N/A,"21715, 21720, 21721, 21734, 21741, 21746, 21747, 21748, 21748, 21781","Brownsville, Cavetown, Chewsville, Funkstown, Hagerstown, Saint James","Mental Health, Obesity / weight loss, Substance Use, Diabetes, Healthy diet, Heart Disease and Hypertension, Cancer 8. Child health, Exercise, Senior health, Smoking, Dental, Wellness, Teenage Pregnancy, Sexually transmitted disease, Infectious disease, Vision/ hearing","Mental health, Obesity / weight loss, Addiction, Diabetes, Heart disease and hypertension",CHNA-FY2022-cover-and-bookletpdf.pdf (meritushealth.com),Same asCHNA,N/A,,
6320140,Mt. Washington Pediatric Hospital,1708 West Rogers Avenue,Baltimore,21209-4545,MD,University of Maryland Medical System,Unable to Find,2021,FALSE,N/A,N/A,N/A,N/A,"Mental Health, Food Insecurity, Health Care Access/Literacy, Violence Prevention",chna-2021.pdf (mwph.org),Same as CHNA,N/A,,
6320345,National Institutes of Health Clinical Center,"9000 Rockville Pike, Building 10, Room 6-2551",Bethesda,20892-1504,MD,U. S. Indian Health Service,Unable to Find,N/A unable to find,,,,,,,,,,,
6320735,Northwest Hospital,5401 Old Court Road,Randallstown,21133-5185,MD,LifeBridge Health,Non-Profit,2021,List of Zip Codes,N/A,"21207, 21208, 21117, 21133, 21244, 21087",N/A,"Mental Health and Depression, Safety, Health Disparities, Food Insecurity,  Built Environment, Transportation","Chronic Heart Disease, Mental Health and Depression, Community Health and Wellness Education, Diabetes, Health Disparities",https://www.lifebridgehealth.org/Uploads/Public/Documents/Population%20Health/Northwest%20Hospital%20and%20Baltimore%20County%20CHNA%202020-2021.pdf,Same as CHNA,N/A,,
6320785,Peninsula Regional Medical Center,100 East Carroll Street,Salisbury,21801-5422,MD,,Unable to Find,2022,List of Counties,"Somerset, Wicomico, Worcester ",N/A,N/A,"homelessness, oral health, crime and crime prevention, prevention and safety","Access and health equity, behavioral health, chronic disease and wellness",http://somersethealth.org/wp-content/uploads/2019/11/Final_TidalHealthSCHDWiCHD_2022_CHNA-1-1.pdf,Same as CHNA,n/a,,
6320250,Saint Agnes Healthcare,900 Caton Avenue,Baltimore,21229-5201,MD,Ascension Healthcare,Non-Profit,2021,List of Zip Codes,N/A,"21244, 21207, 21216, 21215, 21217, 21229, 21223, 21230,21250,21227, 21225,21075",N/A,"Substance use disorder, Mental Health, Chronic Disease, Diabetes, Heart Disease, Economic opportunity","Address Mental Health/ Substance use Disorder, Prevent Diabetes and improve health, Build Person Centered healthy neighborhoods to address social detereminanats of health.",https://healthcare.ascension.org/-/media/healthcare/compliance-documents/maryland/2020-chna-ascension-saint-agnes.pdf,https://healthcare.ascension.org/-/media/healthcare/compliance-documents/maryland/2020-is-ascension-saint-agnes.pdf,N/A,,
6320825,Saint Luke Institute,8901 New Hampshire Avenue,Silver Spring,20903-3611,MD,,Non-Profit,N/A unable to find,,,,,,,,,,,
6320014,Sheppard Pratt Health System,6501 North Charles Street,Baltimore,21204-6819,MD,,Non-Profit,2022,Combination of counties and places,"Anne Arundel, Baltimore, Harford, Howard, Montogomery, Prince George's County",N/A,Baltimore,"Behavioral Health Provider Capacity, Access to Mental Health Services for Children & Adolescents, Access to Mental Health Services for Adults, Access to Mental Health Crisis Care, Mental Health and Substance Use Stigma, Social Determinants of Health","Crisis Care Programs for behavioral health, Support services for families of people struggling with mental health or substance issues, Staff shortages, Community-based counseling services for adolescents / children, Awareness of resources and services in the community, Early intervention for substance use disorders, Mental health and SUD services for children / adolescents, Resources and services for adults with co-occurring MH and SUD issues, Community-based counseling services for adults, Intermediate level of mental health care for adults, Affordable housing, School-based behavioral health education and early intervention and services, Diversity in behavioral health providers, Integrated care, Care Coordination, Transportation services, Medical Assisted Treatment (MAT) for opioid addiction, Transitions of care services for people moving from one level of care to another, Commercial insurance coverage of behavioral health services, Resources and services for people with IDD, Mental health stigma reduction, Detox services for people misusing drugs or alcohol, Recovery programs for people with SUD",https://www.sheppardpratt.org/files/resources/2022-sheppard-pratt-chna-report-final-05272022.pdf,https://www.sheppardpratt.org/files/resources/sheppard-pratt-implementation-plan-final-slides.pdf,N/A,,
6320280,Sinai Hospital of Baltimore,2401 West Belvedere Avenue,Baltimore,21215-5271,MD,LifeBridge Health,Non-Profit,2021,Combination of zip codes and places,N/A,"21215, 21207, 21117, 21216, 21208, and 21209.",Baltimore,"Alcohol/drug addiction, mental health (depression/anxiety),diabetes/high blood sugar, heart disease/blood pressure, lack of job opportunities, housing/homelessness, neighborhood safety/violence, limited access to healthy foods","Heart disease, mental health and depression/substance abuse, community health and wellness education, diabetes, housing, food insecurity, community safety",https://www.lifebridgehealth.org/Uploads/Public/main/about/CommunityHealthandWellbeing/SinaiCHNA.pdf,https://www.lifebridgehealth.org/Uploads/Public/main/about/CommunityHealthandWellbeing/SinaiIP.pdf,N/A,,
6320410,Spring Grove Hospital Center,55 Wade Avenue,Baltimore,21228-4663,MD,,Unable to Find,N/A unable to find,,,,,,,,,,,
6320830,Springfield Hospital Center,6655 Sykesville Road,Sykesville,21784-7966,MD,,Unable to Find,N/A unable to find,,,,,,,,,,,
6320350,Suburban Hospital,8600 Old Georgetown Road,Bethesda,20814-1497,MD,Johns Hopkins Health System,Non-Profit,2022,List of Counties,"Montgomery, Prince George's, Frederick",N/A,N/A,"Access to Care, Healthy Behaviors,Education,Income,Job, Enviroment","Acces to mental health providers, Access to Primary Care Providers, Lack of insurence, Food Insecurity, Adult Obesity, Physical Inactivity,Workforce/Labor Shortages, Income Inequality, Hosing Cost Burden",https://www.hopkinsmedicine.org/suburban_hospital/_documents/community_health/CHNA-2022.pdf,https://www.hopkinsmedicine.org/suburban_hospital/_documents/community_health/CHNA-2022.pdf,N/A,,
6320465,Thomas B. Finan Center,10102 Country Club Road SE,Cumberland,21502-8339,MD,,Unable to Find,N/A unable to find,,,,,,,,,,,
6320500,Union Hospital,106 Bow Street,Elkton,21921-5596,MD,,Non-Profit,2022,List of Counties,Cecil,N/A,N/A,"Access to Health Services, Cancer, Childhood Trauma/Adverse Childhood Experiences, LGBTQ+ Health Disparities, Mental Health, Nutrition, Obesity, Physical Inactivity, Smoking, Tobacco, Vape Product Use, Substance Use Disorders","Behavioral Health, Cancer, Childhood Trauma, Diabetes",https://www.uhcc.com/about-us/community-benefit/reports/,https://www.uhcc.com/about-us/community-benefit/reports/,N/A,,
6320569,University of Maryland Baltimore Washington Medical Center,301 Hospital Drive,Glen Burnie,21061-5899,MD,University of Maryland Medical System,Non-Profit,2022,Combination of counties and zip codes,Anne Arundel,"21060, 21061, 21122, 21144, 
21225",N/A,"Mental Health, Maternal and Child Health, Heart Disease, Cancer","Chronic Health Conditions, Behavioral Health, Maternal and Child Health, Health Care Access, Safe and Healthy Social Environments",fy23-25-chna.pdf (umms.org),https://www.umms.org/bwmc/-/media/files/um-bwmc/community/community-reports/fy2325-chna-implementation-plan.pdf?upd=20220816014821,N/A,,
6320610,University of Maryland Capital Region Health Prince George's Hospital Center,3001 Hospital Drive,Cheverly,20785-1189,MD,University of Maryland Medical System,Non-Profit,2022,Combination of counties and zip codes,Prince George's,"20705, 20706, 20707, 20708, 20710, 20712, 20715, 20716, 20720, 20721, 20722, 20735, 20737, 20740, 20742, 20743, 20744, 20745, 20746, 20747, 20748, 20770, 20772, 20774, 20781, 20785, 20904",N/A,"Social Determinants of Health ‚ Behavioral Health ‚ Obesity & Metabolic Syndrome ‚ Cancer, HIV, Maternal and Infant Health",Social Determinants of Health ‚ Behavioral Health ‚ Obesity & Metabolic Syndrome ‚ Cancer,https://www.umms.org/capital/-/media/files/um-capital/community/community-reports/2022-community-health-assessment.pdf?upd=20221109201957,https://www.umms.org/capital/-/media/files/um-capital/community/2022-chna-implementation-plan-um-capital-region-health.pdf?upd=20220706134949,UMCapitalCommunityHealth@umm.edu,,
6320640,University of Maryland Charles Regional Medical Center,5 Garrett Avenue,La Plata,20646-5960,MD,University of Maryland Medical System,Non-Profit,2021,List of Counties,Charles,N/A,N/A,Mental health resources and services ‚ Substance use disorders ‚ Transportation ‚ Chronic disease management ‚ Obesity/overweight ‚ COVID-1,Mental health resources and services ‚ Substance use disorders ‚ Transportation ‚ Chronic disease management ‚ Obesity/overweight ‚ COVID-1,chna-2021-charles.pdf (umms.org),https://www.umms.org/charles/-/media/files/um-charles/community/fy-2022-2024/health-improvement-plan-2021.pdf?upd=20210624150117,N/A,,
6320590,University of Maryland Harford Memorial Hospital,501 South Union Avenue,Havre De Grace,21078-3493,MD,University of Maryland Medical System,Non-Profit,2021,"Combination of counties, zip codes, and places",Harford,"21014, 21078, 21015, 21009, 21001, 21050.","Bel Air, Aberdeen, Havre de Grace","Behavioral Health,  Chronic Disease Prevention and Wellness, Family Stability and wellness","Behavioral Health,  Chronic Disease Prevention and Wellness, Family Stability and wellness",chna-2021.pdf (umms.org),https://www.umms.org/uch/-/media/files/um-uch/community/chna-2021.pdf?upd=20210628145619,N/A,,
6320330,University of Maryland Medical Center,22 South Greene Street,Baltimore,21201-1595,MD,University of Maryland Medical System,Non-Profit,2021,Combination of zip codes and places,N/A,"21201, 21215, 21216, 21217, 21223, 21229, 21230",Baltimore ,"Heart Disease/High Blood Pressure, Diabetes/High Blood Sugar, Alcohol/Drug Addiction, Mental Health (Depression/Anxiety), Overweight/Obesity","Mental Health, Substance Abuse, Maternal and Child Health, Chronice Disease- Cardiovascular Disease/Obesity, Chronice Disease- HIV/HCV Prevention, Diabetes. Violence Prevention, Local Hiring/Career Advancement, Pediatrics Mental Health, Pediatrics Asthma, Pediatrics Obesity",https://www.umms.org/ummc/-/media/files/ummc/community/community-health-needs-assessment/chna-fy-2021.pdf?upd=20210629195808,https://www.umms.org/ummc/-/media/files/ummc/community/community-health-needs-assessment/chna-implementation-fy2021.pdf?upd=20210629195710,msynan@umm.edu,,
6320200,University of Maryland Medical Center Midtown Campus,827 Linden Avenue,Baltimore,21201-4606,MD,University of Maryland Medical System,Non-Profit,2021,"Combination of counties, zip codes, and places","Charles, Dorchester, Frederick","21201, 21215, 21216, 21217, 21223, 21229, 21230",Baltimore,"Heart Disease/High Blood Pressure, Diabetes/High Blood Sugar, Alcohol/Drug Addiction, Mental Health (Depression/Anxiety), Overweight/Obesity","Mental Health, Substance Abuse, Maternal and Child Health, Chronice Disease- Cardiovascular Disease/Obesity, Chronice Disease- HIV/HCV Prevention, Diabetes. Violence Prevention, Local Hiring/Career Advancement, Pediatrics Mental Health, Pediatrics Asthma, Pediatrics Obesity",https://www.umms.org/midtown/-/media/files/ummc/community/community-health-needs-assessment/chna-fy-2021.pdf?upd=20210629195808,https://www.umms.org/midtown/-/media/files/ummc/community/community-health-needs-assessment/chna-implementation-fy2021.pdf?upd=20210629195710,msynan@umm.edu,,
6320170,University of Maryland Rehabilitation & Orthopaedic Institute,2200 Kernan Drive,Baltimore,21207-6697,MD,University of Maryland Medical System,Non-Profit,2021,Combination of counties and places,"Baltimore, Howard, Anne Arundel",N/A,Baltimore,"Diabetes, Smoking, High Blood Pressure, Lack of Insurance, Cost of Healthcare, Lack of Information about Services, Reading Issures, Lack of advocacy ","Quality of Life - Social Support, Quality of Life - Active Lifestyle, Transition of Community - Patient Navigation, Transition to Community - Dental Clinic, Community Education/Awareness  ",https://www.umms.org/rehab/-/media/files/um-rehab/community/chna-2021v3.pdf?upd=20211110194352,https://www.umms.org/rehab/-/media/files/um-rehab/community/community-health-needs-assessment/community-health-needs-assessment-process-summary-2021.pdf?upd=20210621154246,msynan@umm.edu,,
6320420,University of Maryland Shore Medical Center at Chestertown,100 Brown Street,Chestertown,21620-1499,MD,University of Maryland Medical System,Non-Profit,2022,"Combination of counties, zip codes, and places","Caroline, Dorchester, Kent, Queen Anne's, Talbot","21620, 21661, 21678, 21651, 21617",Baltimore,"Mental health (depression, anxiety), Alcohol/Drug addiction, Overweight/obesity, Diabetes/high blood sugar, Cancer","Mental health/substance abuse access to care ,Chronic Disease management , Preventive/wellness programs , Cancer ",https://www.umms.org/shore/-/media/files/um-shore/community/community-health-reports/chna-2022.pdf?upd=20220614155733,https://www.umms.org/shore/-/media/files/um-shore/community/community-health-reports/chip-2022.pdf?upd=20220614155719,msynan@umm.edu,,
6320370,University of Maryland Shore Medical Center at Dorchester,300 Byrn Street,Cambridge,21613-1908,MD,University of Maryland Medical System,Non-Profit,N/A unable to find,,,,,,,,,,,
6320480,University of Maryland Shore Medical Center at Easton,219 South Washington Street,Easton,21601-2996,MD,University of Maryland Medical System,Non-Profit,2022,"Combination of counties, zip codes, and places","Caroline, Dorchester, Kent, Queen Anne's, Talbot","21601, 21613  21629  21632 , 21655 ,  21643,  21639,  21663,  21617,  21660, 21673 , 21625 , 21620 ","Baltimore, Easton, Cambridge, Denton, Federalsburg, Preston, Hurlock, Greensboro, Saint Michaels, Centreville, Ridgely, Trappe, Cordova,Chestertown","Mental health (depression, anxiety), alcohol/drug addiction, overweight/obesity, diabetes/high blood sugar, cancer","Mental health/substance abuse, access to care, chronic disease management, preventative/wellness programs, cancer",https://www.umms.org/shore/-/media/files/um-shore/community/community-health-reports/chna-2022.pdf?upd=20220614155733,https://www.umms.org/shore/-/media/files/um-shore/community/community-health-reports/chip-2022.pdf?upd=20220614155719 ,nicole.morris@maryland.gov,,
6320260,University of Maryland St. Joseph Medical Center,7601 Osler Drive,Towson,21204-7582,MD,University of Maryland Medical System,Non-Profit,2021,"Combination of counties, zip codes, and places",Baltimore ,"21227, 21207, 21221, 21222, 21250, 21030, 21234, 21237, 21031, 21136, 21204, 21220, 21244, 21252, 21117, 21236, 21286, 21133, 21208, 21209, 21228, 21219, 21153, 21162, 21052, 21071, 21093, 21152, 21156, 21163, 21128, 21053, 21057, 21120, 21131, 21155, 21013, 21082, 21087, 21111, 21161, 21051","Baltimore, Halethorpe, Gwynn Oak, Essex, Dundalk, Baltimore, Cockeysville, Parkville, Rosedale, Hunt Valley, Reisterstown, Towson, Middle River, Windsor Mill, Towson, Owings Mills, Nottingham, Towson, Randallstown, Pikesville, Baltimore, Catonsville, Sparrows Point, Stevenson, White Marsh, Fort Howard, Glyndon, Lutherville Timonium, Sparks Glencoe, Upper Falls, Woodstock, Perry Hall, Freeland, Glen Arm, Parkton, Phoenix, Upperco, Baldwin, Hydes, Kingsville, Monkton, White Hall, Fork","Physical health, safety, substance use disorders, food security, access to care, income, mental health, built environment, transportation options and transit ","Behavioral health, including health and substance use disorders, physical health, health disparities ",https://www.umms.org/sjmc/-/media/files/um-sjmc/community/community-health/202021-baltimore-county-chna--final-accessible.pdf?upd=20210611170512,https://www.umms.org/sjmc/-/media/files/um-sjmc/community/community-health/fy2224-implementation-plan.pdf?upd=20210611170529,N/A,,
6320515,University of Maryland Upper Chesapeake Medical Center,500 Upper Chesapeake Drive,Bel Air,21014-4324,MD,University of Maryland Medical System,Non-Profit,2021,"Combination of counties, zip codes, and places",Harford,"21040, 21001, 21078, 21014, 21015, 21009, 21050, 21040, 21085, 21047, 21084, 21154, 21017, 21028, 21034, 21160, 21132, 21161, 21904, 21093, 21921, 21237, 21237, 21220, 21130, 21105","Edgewood, Aberdeen, Harve de Grace, Bel Air","Behavioral Health(Mental health and Substance use Disorders), Chronic Disease Prevention and Wellness, Family Stability","Behavioral Health(Mental health and Substance use Disorders), Chronic Disease Prevention and Wellness, Chronic Disease Prevention and Wellness: Tobacco Use Prevention, Chronic Disease Prevention and Wellness: Cancer, Chronic Disease Prevention and Wellness: Stroke, Chronic Disease Prevention and Wellness: Diabetes, Chronic Disease Prevention and Wellness: Heart Disease, Chronic Disease Prevention and Wellness: Respiratory Disease, Chronic Disease Prevention and Wellness: Injury And Prevention/Flu Vaccine, Family Stability",https://www.umms.org/uch/-/media/files/um-uch/community/chna-2021.pdf?upd=20210628145619,https://www.umms.org/uch/-/media/files/um-uch/community/chna-implementation-2021.pdf?upd=20210628145642,N/A,,
6320340,Veterans Affairs Maryland Health Care System-Baltimore Division,10 North Greene Street,Baltimore,21201-1524,MD,Department of Veterans Affairs,Unable to Find,N/A unable to find,,,,,,,,,,,
6320360,Walter Reed National Military Medical Center,8901 Wisconsin Avenue,Bethesda,20889-5600,MD,"Bureau of Medicine and Surgery, Department of the Navy",Public,N/A unable to find,,,,,,,,,,,
6320585,Western Maryland Hospital Center,1500 Pennsylvania Avenue,Hagerstown,21742-3194,MD,,Public,N/A unable to find,,,,,,,,,,,
6320206,Western Maryland Regional Medical Center,12500 Willowbrook Road SE,Cumberland,21502-6393,MD,,Non-Profit,2022,List of Counties,Allegany,N/A,N/A,"Access to safe and affordable and reliable transportation, access to healthy foods and local food sources, home and community safety, substance use, mental health, healthy living","Obesity, heart disease and stroke, diabetes, Opioid Addictiona and Substance Abuse, Access to Behavioral Health services",https://cdn.upmc.com/-/media/upmc/about/community-commitment/2022-community-commitment/western-central-pa-and-maryland-chna-report.pdf?la=en&rev=44b0cd3152a54b179109565789740f8c&hash=A2010C6E8A750CE1C2E7DBFDD0C13C3B&_ga=2.109253765.185525814.1667155100-1660471039.1667155100,https://cdn.upmc.com/-/media/upmc/about/community-commitment/2022-community-commitment/western-central-pa-and-maryland-chna-report.pdf?la=en&rev=44b0cd3152a54b179109565789740f8c&hash=A2010C6E8A750CE1C2E7DBFDD0C13C3B&_ga=2.109253765.185525814.1667155100-1660471039.1667155100,N/A,,