Healthcare Name,Street_Address,City,Zipcode,State,Associated_Health_System,Nonprofit,CHNA_Year,Service_Area_Type,Service_Area_Counties,Service_Area_Zip,Service_Area_Places,Health_Needs,Health_Priorities,CHNA_URL,Implementation_URL,Contact
AllianceHealth Clinton,100 North 30th Street,Clinton,73601-3117,OK,"Community Health Systems, Inc.",No,N/A unable to find,,,,,,,,,
AllianceHealth Durant,1800 University Boulevard,Durant,74701-3006,OK,"Community Health Systems, Inc.",No,N/A unable to find,,,,,,,,,
AllianceHealth Madill,901 South Fifth Avenue,Madill,73446-3640,OK,"Community Health Systems, Inc.",No,N/A unable to find,,,,,,,,,
AllianceHealth Midwest,2825 Parklawn Drive,Midwest City,73110-4258,OK,"Community Health Systems, Inc.",No,N/A unable to find,,,,,,,,,
AllianceHealth Ponca City,1900 North 14th Street,Ponca City,74601-2099,OK,"Community Health Systems, Inc.",No,N/A unable to find,,,,,,,,,
AllianceHealth Seminole,2401 Wrangler Boulevard,Seminole,74868-1917,OK,"Community Health Systems, Inc.",No,N/A unable to find,,,,,,,,,
AllianceHealth Woodward,900 17th Street,Woodward,73801-2448,OK,"Community Health Systems, Inc.",No,N/A unable to find,,,,,,,,,
Arbuckle Memorial Hospital,2011 West Broadway Street,Sulphur,73086-4221,OK,Preferred Management Corporation,Yes,N/A unable to find,,,,,,,,,
Atoka County Medical Center,1590 West Liberty Road,Atoka,74525-1621,OK,,Yes,2016,Combination of counties and places,"Atoka, Bryan, Choctaw, Coal, Latimer, McCurtain, Pittsburg, Pushmataha",N/A,"Atoka, Durant, Hugo, Coalgate, Wilburton, Idabel, McAlester, Antlers","Access/avaliability of physicians, Recruitment/retention of new providers (aging workforce), Lack of education, Access/avaliability of specialists","Health literacy, Accessing providers, Care after hours, Wait time to see providers, Health and wellness focus in the community",https://pushmatahahospital.com/images/docs/pushhospital2016.pdf,https://pushmatahahospital.com/images/docs/pushhospital2016.pdf,N/A
Bailey Medical Center,10502 North 110th East Avenue,Owasso,74055-6655,OK,Ardent Health Services,Yes,N/A unable to find,,,,,,,,,
Beaver County Memorial Hospital,212 East Eighth Street,Beaver,73932,OK,,No,N/A unable to find,,,,,,,,,
Blackwell Regional Hospital,710 South 13th Street,Blackwell,74631-3700,OK,,Yes,N/A unable to find,,,,,,,,,
Bristow Medical Center,"700 West 7th Avenue, Suite 6",Bristow,74010-2302,OK,,,N/A unable to find,,,,,,,,,
Brookhaven Hospital,201 South Garnett Road,Tulsa,74128-1805,OK,,,2022,List of Counties,"Cherokee, Craig, Creek, Haskell, Mayes, McIntosh, Muskogee, Okmulgee, Rogers, Sequoyah, Tulsa, Wagoner",N/A,N/A,"Lack of health insurance, Education, Access to healthcare providers, Substance Abuse, Ability to pay for healthcare, Access to healthy foods/groceries, Access to primary care, Chronic diseases (diabetes, cancer, heart  disease), Stroke, Housing/homelessness, Mental health, Poverty, Access to dental care, Transportation, Domestic violence, Physical activity, Child abuse/neglect, Sexual health, Safety (motor vehicles crash/unintentional injury)","Access to healthcare (primary care/screening and primary care and specialty providers), Behavioral health (substance abuse and mental health), Chronic diseases (diabetes, cancer, heart disease) and stroke, Lack of health insurance/ability to pay for healthcare",https://issuu.com/saintfrancistulsa/docs/chna19?e=32494011/70414518,https://www.saintfrancis.com/assets/documents/sfhs-chna2019-implementation-strategy.pdf,N/A
Carl Albert Community Mental Health Center,1101 East Monroe Avenue,McAlester,74501-4826,OK,,,N/A unable to find,,,,,,,,,
Carnegie Tri-County Municipal Hospital,102 North Broadway,Carnegie,73015,OK,"First Physicians Capital Group, Inc.",Yes,2019,"Combination of counties, zip codes, and places",Caddo,"73015, 73062, 73038, 73048, 73009, 73006, 73041","Carnegie, Mountain View, Fort Cobb, Hydro, Binger, Apache, Gotebo","Diabetes, Substance abuse, Mental health, Heart disease, Obesity, Accessing specialty service, Suicide, Accessing primary care, Cancers, Dental, Teen pregnancy, Motor vehicle crashes, Urgent care, Cotton dust","Preventative Care, Community discussions/community support of local services",https://carnegiehospital.com/wp-content/uploads/2019/12/Carnegie-2019-Community-Health-Needs-Assessment.pdf,N/A,N/A
Cedar Ridge Hospital,6501 NE 50th Street,Oklahoma City,73141-9118,OK,"Universal Health Services, Inc.",No,N/A unable to find,,,,,,,,,
Cherokee Nation W.W. Hastings Indian Hospital,100 South Bliss Avenue,Tahlequah,74464-2512,OK,,Yes,N/A unable to find,,,,,,,,,
Chickasaw Nation Medical Center,1921 Stonecipher Boulevard,Ada,74820-3439,OK,N/A,N/A,N/A unable to find,,,,,,,,,
Choctaw Memorial Hospital,1405 East Kirk Street,Hugo,74743-3603,OK,N/A,Yes,2019,Combination of counties and places,"Choctaw County, McCurtain County, Pushmataha County",N/A,Southeastern,"Housing, Emergency Services, Early Childhood Education, Transportation, Substance Abuse Services","Housing, Substance Abuse Services, Community & Economic Development ",https://secureservercdn.net/104.238.71.140/h52.405.myftpupload.com/wp-content/uploads/2019/06/Hugo-Community-Needs-Assessment-2019.pdf,https://secureservercdn.net/104.238.71.140/h52.405.myftpupload.com/wp-content/uploads/2019/06/Hugo-Community-Needs-Assessment-2019.pdf,s.bailey@choctawmemorial.com
Choctaw Nation Health Care Center,One Choctaw Way,Talihina,74571-2022,OK,,,2019,"Combination of counties, zip codes, and places",LeFlore,"74951, 74953, 74940, 74966, 74937, 74966",Poteau,"Mental health and substance abuse, Access to specialty services","Socioeconomic Infrastructure, Lack of insurance coverage, Coordination of resources",https://eomchospital.com/wp-content/uploads/2019/06/eomc2019.pdf,https://eomchospital.com/wp-content/uploads/2019/06/eomc2019.pdf,N/A
Cimarron Memorial Hospital,100 South Ellis Street,Boise City,73933,OK,N/A,Yes,2017,"Combination of counties, zip codes, and places",Cimarron,"73946, 73933, 73937, 73947",Boise City,"Lack of physicians/Difficult to see provider/Rotating providers, Losing services/Hospital/Continued availability of services/Lack of resources, Level of care/Limited services available/Specialized care, and Quality of care/Compassion for patient","Eledery Services, Cancer rates, Distance to see specalists",https://d3dub9ggvw36f1.cloudfront.net/chna/pdf/cimarronmemhosp2017.pdf,https://d3dub9ggvw36f1.cloudfront.net/chna/pdf/cimarronmemhosp2017.pdf,lara.brooks@okstate.edu
Claremore Indian Hospital,101 South Moore Avenue,Claremore,74017-5091,OK,N/A,Unable to find,N/A unable to find,,,,,,,,,
Cleveland Area Hospital,1401 West Pawnee Street,Cleveland,74020-3019,OK,N/A,Yes,2021,"Combination of counties, zip codes, and places","Pawnee, Payne, Creek, Osage, Noble","74650, 74058, 74045, 74034, 74038, 74081, 74044, 74020, 74054, 74035","Cleveland, Stillwater, Cushing, Drumright, Bristow, Pawhuska, Fairfax, Perry","Long term sustainability of rural health care- Keeping primary care in community in addition to keeping hospital thriving in community, Increasing specialty care and clinics in town- Current services include Cardiology:
1/week with one provider and 1-2/month with another, Youth access to equitable resources including technology physical and mental health resources, Mental health resources, Teen pregnancy rate, Over 65 in poverty- Confusion of medications after discharge, difficulty accessing, resources including foods, This population can be difficult to reach other than via 911 calls and/or hospital/clinic visits","Long term sustainability of rural health care- Keeping primary care in community in addition to keeping hospital thriving in community, Youth access to equitable resources including technology, physical and mental health resources",https://www.clevelandareahospital.com/_files/ugd/f01f54_ceef531907114189baf4ee702bf5c40c.pdf,https://www.clevelandareahospital.com/_files/ugd/f01f54_ceef531907114189baf4ee702bf5c40c.pdf,N/A
Coal County General Hospital,6 North Covington Street,Coalgate,74538-2002,OK,,Yes,2021,"Combination of counties, zip codes, and places","Coal, Atoka, Hughes, Johnston, Pittsburg, Pittsburg, Pontotoc, Pushmataha","74534, 74535, 74538, 74556, 74572","Coalgate, Atoka, Holdenville, Tishomingo, McAlester, Ada, Antlers","Heart disease, Substance abuse, Cancers, Diabetes, Mental health, Obesity, Accessing specialty services, Dental, Suicide, Accessing primary care, Teen pregnancy, Motor vehicle crashes","Mental Health, Telehealth and Specialists, Socioeconomics",https://www.ccghospital.com/_files/ugd/ce403d_412c726b645344fcad0b361630a403b9.pdf,https://www.ccghospital.com/_files/ugd/ce403d_412c726b645344fcad0b361630a403b9.pdf,N/A
Comanche County Memorial Hospital,3401 West Gore Boulevard,Lawton,73505-6332,OK,,Yes,2018,Combination of counties and places,Comanche,N/A,"Cache, Chattanooga, Elgin, Faxon, Fletcher, Geronimo, Indiahoma, Lawton-Fort Sill, Medicine Park, Sterling","Mental Health, Infant Mortality, Obesity, Violence and Crime, Poverty, Dental Health, Sexual Health, Injury Related Mortality, Substance Abuse/Tobacco Alcohol Drugs","Mental Health, Poverty, Obesity, Violence and Crime, Substance Abuse (Tobacco alcohol  prescription drugs)",https://ccmhhealth.com/wp-content/uploads/2019/07/Community-Needs-Assessment-changes-july-2019.pdf,https://ccmhhealth.com/wp-content/uploads/2017/10/CHIP-6-19-17.pdf,N/A
Community Hospital,3100 SW 89th Street,Oklahoma City,73159-7900,OK,,Yes,2021,List of Counties,Oklahoma,N/A,N/A,"access to care, food access/insecurity, mental/behavioral health, obesity, tobacco","access to care, food access/insecurity, mental/behavioral health, obesity, tobacco",https://communityhospitalokc.com/application/files/2916/2826/6047/CHNA2021.pdf,https://communityhospitalokc.com/application/files/4716/2817/7905/INTEGRIS_Health_CHIP_FY_2022-_Healthcare_Partners_Investments.pdf,N/A
Cordell Memorial Hospital,1220 North Glenn English Street,Cordell,73632-2010,OK,The Physician’s Hospital in Anadarko,Yes,N/A unable to find,,,,,,,,,
Cornerstone Hospital of Oklahoma-Muskogee,351 South 40th Street,Muskogee,74401-4916,OK,Cornerstone Healthcare Group,No,N/A unable to find,,,,,,,,,
Cornerstone Hospital of Oklahoma-Shawnee,"1900 Gordon Cooper Drive, 2nd Floor",Shawnee,74801-8603,OK,Cornerstone Healthcare Group,No,N/A unable to find,,,,,,,,,
Creek Nation Community Hospital,1800 East Coplin Street,Okemah,74859-4642,OK,,,N/A unable to find,,,,,,,,,
Curahealth Hospital Oklahoma City,1407 North Robinson Avenue,Oklahoma City,73103-4823,OK,Curahealth Hospitals,,N/A unable to find,,,,,,,,,
Drumright Regional Hospital,610 West Bypass,Drumright,74030-5957,OK,Rural Community Hospitals of America,,N/A unable to find,,,,,,,,,
Duncan Regional Hospital,1407 North Whisenant Drive,Duncan,73533-1650,OK,Duncan Regional Hospital,Yes,2022,List of Counties,"Stephens, Jefferson",N/A,N/A,"Non use of seatbelts, Non use of child seats, Unsafe Roads, Motor vehicle Injuries, ATV Injuries, Firearm-related Injuries, Prescription Drug Abuse, Methamphetamine Use, Alcohol Use, Tobacco Use, Second Hand Smoke, Marijuana, Obesity, Diabetes. Inactive Lifestyle, Heart Disease/Stroke, Poor Nutrition, Hunger, Homelessness, Aging, Domestic Violence, Teen Pregnancy, Infectious Diseases, STDs, HIV/AIDS, Violence - Stephens County, Violence - School, Bullying, Suicide, Child Abuse/Neglect, Cancer, Human Trafficking, Prostitution","Healthy living, behavioral health, Safety and injury prevention",https://cloud.3dissue.com/5309/6212/11888/CHIP2022a/index.html?r=10,https://cloud.3dissue.com/5309/6212/11888/CHIP2022a/index.html?r=10,N/A
Eastern Oklahoma Medical Center,105 Wall Street,Poteau,74953-4433,OK,,Yes,2019,Combination of zip codes and places,N/A,"74953, 74951, 74956, 74940, 74937, 74966, 74959, 74902, 74930, 74932, 74939","Poteau, Panama, Shady Point, Howe, Heavener, Wister, Spiro, Pocola, Bokoshe, Cameron, Hodgen","Mental health, no homeless shelter, Lack of specialty care, Geriatric population that needs attention, High obesity rates, High vaping rates with student population, Availability of and lack of regulation of medical marijuana psychosis cases, People still do not know about expanded Medicaid within local school/college, More no than yes for telemed visits","Mental health, telehealth Access to specialty services, reopen outpatient surgery",https://eomchospital.com/wp-content/uploads/2022/06/Poteau-2022-CHNA.pdf,https://eomchospital.com/wp-content/uploads/2022/06/Poteau-2022-CHNA.pdf,N/A
Elkview General Hospital,429 West Elm Street,Hobart,73651-1615,OK,,Yes,2020,Combination of zip codes and places,N/A,"73651, 73041, 73661, 73655, 73664, 73547, 73564, 73062","Hobart, Gotebo, Rocky, Lone Wolf, Sentinel, Granite, Roosevelt, Mountain View","OB/delivery services going out of town for care (pre and post care), Services provided locally are higher quality of care and better service, Transportation barriers, Technology barriers for elder population, Lengthy enrollment process, Lack of pediatric services, Lack of mental health services for emergencies and unavailability of beds","Assisting the uninsured population to navigate the Medicaid application process (Transportation barriers, Technology barriers for elder population, Lengthy enrollment process), Aligning resources for patients- transportation and substance abuse and mental health resources, Examine feasibility and potential demand for urgent care or after-hours care, More presence and involvement in community at senior citizens centers and have an annual health fair, more local events",https://elkviewhospital.com/wp-content/uploads/2020/06/Hobart-CHNA-2020_Final.pdf,https://elkviewhospital.com/wp-content/uploads/2020/06/Hobart-CHNA-2020_Final.pdf,N/A
Fairfax Community Hospital,40 Hospital Road,Fairfax,74637-5084,OK,Rural Community Hospitals of America,Unable to find,N/A unable to find,,,,,,,,,
Fairview Regional Medical Center,523 East State Road,Fairview,73737-1453,OK,,Yes,2018,Combination of zip codes and places,N/A,"73737, 73716, 73729, 73838, 73747, 73755, 73768, 73724, 73726, 73741, 73763, 73663, 73860","Fairview, Aline, Cleo Springs, Chester, Isabella, Longdale, Ringwood, Canton, Carmen, Helena, Okeene, Seiling, Waynoka","Decline in healthcare related jobs, Diabetes, Heart disease, Cancer, Suicide, Mental health, Physician recruitment- at and nearing retirement age","Obesity and impacts on diabetes, Heart disease, Mental health and suicide prevention, Cancer, Unintentional Injury",http://www.fairviewregionalmedicalcenter.com/wp-content/uploads/2018/12/Fairview-Community-Health-Needs-Assessment121018.pdf,http://www.fairviewregionalmedicalcenter.com/wp-content/uploads/2018/12/Fairview-Community-Health-Needs-Assessment121018.pdf,corie.kaiser@okstate.edu
Grady Memorial Hospital,2220 West Iowa Avenue,Chickasha,73018-2738,OK,,Yes,2019,Combination of counties and zip codes,Grady,"73002, 73018, 73059, 73067, 73082, 73089, 73092",N/A,"Routine Well Checkups, Blood Pressure Screenings, Dental Screenings, Exercise and Physical Activity","Substance abuse, Mental health, Obesity, Diabetes",https://oklahoma.gov/content/dam/ok/en/health/health2/documents/2019-cha-grady-county.pdf,https://oklahoma.gov/content/dam/ok/en/health/health2/documents/2019-cha-grady-county.pdf,N/A
Great Plains Regional Medical Center,1801 West Third Street,Elk City,73644-5145,OK,,Yes,2022,"Combination of counties, zip codes, and places",Beckham,"73644, 73662, 73645, 73650, 73628, 73632, 73624, 73601, 73801, 73654, 73647, 73626, 73641, 73664, 73651, 73547, 73554, 73556, 73521","Elk City, Sayre, Erick, Hammon, Cheyenne, Cordell, Burns Flat, Clinton, Woodward, Leedey, Foss, Canute, Dill City, Sentinel, Hobart, Granite, Mangum, Martha, Altus","Mental health, Accessing specialty services, Heart disease, Diabetes, Substance abuse, Cancers, Accessing primary care, Obesity, Suicide, Dental, Teen pregnancy, Motor vehicle crashes, Accessing care/Quality of care, Covid-19, Cost of care, Vaccine hesitancy","Mental Health including services for youth and adolescents, Lack of OBGYN care, Not a lot of outdoor youth activities",https://gprmc-ok.com/wp-content/uploads/2022/05/Elk-City-2022-CHNA.pdf,N/A,N/A
Griffin Memorial Hospital,900 East Main Street,Norman,73071-5305,OK,Oklahoma Department of Mental Health and Substance Abuse Services,Unable to find,N/A unable to find,,,,,,,,,
Harmon Memorial Hospital,400 East Chestnut Street,Hollis,73550-2030,OK,,Yes,2019,List of Counties,Harmon,N/A,N/A,"CANCERS, SUBSTANCE ABUSE, OVERWEIGHT, HEART DISEASE, MENTAL HEALTH","Cancer, Overweight/Obesity, Access to Care","https://www.harmonmemorial.com/wp-content/uploads/2020/10/2019-COMMUNITY-HEALTH-NEEDS-ASSESSMENT-HARMON-COUNTY-RESULTS.pdf
",https://www.harmonmemorial.com/wp-content/uploads/2020/10/2020-CHIP-Harmon-Memorial-Hospital.pdf,N/A
Harper County Community Hospital,Highway 64 North,Buffalo,73834,OK,,Unable to find,N/A unable to find,,,,,,,,,
Haskell County Community Hospital,401 Northwest 'H' Street,Stigler,74462-1625,OK,Rural Community Hospitals of America,Yes,N/A unable to find,,,,,,,,,
Hillcrest Hospital - South,8801 South 101st East Avenue,Tulsa,74133-5716,OK,Ardent Health Services,No,N/A unable to find,,,,,,,,,
Hillcrest Hospital Claremore,1202 North Muskogee Place,Claremore,74017-3036,OK,Ardent Health Services,No,N/A unable to find,,,,,,,,,
Hillcrest Hospital Cushing,1027 East Cherry Street,Cushing,74023-4101,OK,Ardent Health Services,No,N/A unable to find,,,,,,,,,
Hillcrest Hospital Henryetta,2401 West Main Street,Henryetta,74437-3893,OK,Ardent Health Services,No,N/A unable to find,,,,,,,,,
Hillcrest Hospital Pryor,111 North Bailey Street,Pryor,74361-4201,OK,Ardent Health Services,,N/A unable to find,,,,,,,,,
Hillcrest Medical Center,1120 South Utica Avenue,Tulsa,74104-4090,OK,Ardent Health Services,,N/A unable to find,,,,,,,,,
Holdenville General Hospital,100 McDougal Drive,Holdenville,74848-2822,OK,,,2014,"Combination of counties, zip codes, and places",Hughes,74848,Holdenville,"Access to providers, Heart health, High cancer rates, Water quality, Access to wellness and education programs, Teen birth rate","Access to providers, Heart health, High cancer rates, Water quality, Access to wellness and education programs, Teen birth rate",https://osucrhblog.s3.amazonaws.com/chna/pdf/holdenvillegenhosp2014.pdf,https://osucrhblog.s3.amazonaws.com/chna/pdf/holdenvillegenhosp2014.pdf,"Corie Kaiser, Director, Oklahoma Center for Rural Health, Oklahoma City 405-840-6500"
Inspire Specialty Hospital,8210 National Avenue,Midwest City,73110-8518,OK,Concord Healthcare Group,No,N/A unable to find,,,,,,,,,
INTEGRIS Baptist Medical Center,3300 NW Expressway,Oklahoma City,73112-4418,OK,INTEGRIS Health,,2019,Combination of counties and zip codes,Oklahoma,"73025, 73034, 73012, 73003, 73007, 73054, 73013, 73049, 73045, 73020, 73099, 73134, 73142, 73151, 73162, 73114, 73132, 73116, 73122, 73118, 73141, 73066, 73127, 73107, 731117, 73130, 73128, 73108, 73129, 73145, 73179, 731119, 73169, 73159, 73149, 73160, 73173, 73170, 73165, 73150",N/A,"Access to care, Obesity, Mental health, Diabetes","Obesity, Mental health, access to care, tobacco",https://integrisok.com/-/media/pdf/2020_CHIP/Final-CHNA-OK-County2018.ashx?revision=68cc0fd9-5836-40c1-b507-0b7b4f5e3a07,https://integrisok.com/-/media/pdf/2020_CHIP/Baptist-CHIP-2019-Final.ashx?revision=07fa25b4-5081-4c6e-8040-95231b9a8297,N/A
Integris Bass Baptist Health Center,600 South Monroe Street,Enid,73701-7211,OK,INTEGRIS Health,Yes,2018,"Combination of counties, zip codes, and places",Garfield,73701,Enid,"Obesity, Mental Health, Access to Care and Food/Insecurity, Tobacco","Obesity, Mental Health, Access to Care and Food/Insecurity, Tobacco",https://integrisok.com/-/media/pdf/2020_CHIP/CHNA-ENID-2018.ashx?revision=f1334027-4693-4742-b034-ae64b2bdfeaf,N/A,N/A
Integris Bass Pavilion,401 South Third Street,Enid,73701-5737,OK,INTEGRIS Health,Yes,N/A unable to find,,,,,,,,,
INTEGRIS Canadian Valley Hospital,1201 Health Center Parkway,Yukon,73099-6381,OK,INTEGRIS Health,Yes,2022,"Combination of counties, zip codes, and places",Canadian,73099,El Reno,"Access to affordable food / healthy food, Access to care, Bad air quality, Chronic disease prevention, Obesity, Tobacco, Sedentary lifestyle, Cardiovascular disease, Cancer, Diabetes, Lung disease","Obesity, Chronic Disease Prevention/Management, Access to Healthy Foods, Tobacco",https://integrisok.com/-/media/Community-Wellness/2022-CHNA/INTEGRIS-Health-CHNA-2022--Canadian-County.ashx,https://integrisok.com/-/media/Community-Wellness/2022-CHNA/INTEGRIS-Health-CHNA-2022--Canadian-County.ashx,"Stephen D. Petty, B.A., M.A System Administrative Director INTEGRIS Wellness 5100 N. Brookline, Suite 100 Oklahoma City, Oklahoma 73112"
INTEGRIS Deaconess,5501 North Portland Avenue,Oklahoma City,73112-2099,OK,INTEGRIS Health,Yes,2021,List of Counties,"Oklahoma, Cleveland",N/A,N/A,"Employment, Food Insecurity, Housing, Health Education and Promotion, Access to Healthcare, Obesity, Mental Health, Transportation","Employment, Housing, Poverty, Education, Access to Healthcare, Obesity, Mental Health, Safety
",https://www.integriscommunityhospital.com/int-assets/uploads/forms/INTEGRIS-Health-Joint-CHNA_2020-2021.pdf,https://www.integriscommunityhospital.com/int-assets/uploads/forms/INTEGRIS-Health-Joint-CHNA_2020-2021.pdf,N/A
INTEGRIS Grove Hospital,1001 East 18th Street,Grove,74344-2907,OK,INTEGRIS Health,,2018,Combination of counties and places,Delaware,N/A,"Grove, Jay, Bernice, Colcord, Kansas, Oats, West Siloam Springs","Diet nutrition and physical activity, Weight and obesity, Mental health and mental health disorders, Chronic disease management, Health education and literacy, Access to health services care coordination and affordability, Tobacco use, Substance abuse, Economic and social environment, Childrens health, Child neglect/abuse, Prevention and safety, Aging problems and care, Veterans care,  Available public transportation, Prevention and safety, Health behaviors","Alcohol/Drug Abuse, Chronic Disease, Mental Health, Obesity",https://integrisok.com/-/media/pdf/2020_CHIP/CHNA-Delaware-Co-Grove2018.ashx?revision=87925ed7-dd63-4e76-9fad-6e3945387e62,https://integrisok.com/-/media/pdf/2020_CHIP/Grove-CHIP-2019-Final-2.ashx?revision=b666d413-a472-4593-acc7-43b17e655a63,"Stephen D. Petty, B.A., M.A
System Administrative Director
INTEGRIS Wellness
5100 N. Brookline, Suite 100
Oklahoma City, Oklahoma 73112"
INTEGRIS Health Edmond,4801 Integris Parkway,Edmond,73034-8864,OK,INTEGRIS Health,,2019,List of Counties,Oklahoma City,N/A,N/A,"Obesity, mental health, access to care/food insecurity, tobacco",Obesity,https://www.google.hu/url?sa=t&rct=j&q=&esrc=s&source=web&cd=&ved=2ahUKEwj8oI2gm-j2AhVN3aQKHT4xCTUQFnoECAgQAQ&url=https%3A%2F%2Fintegrisok.com%2F-%2Fmedia%2Fpdf%2F2020_CHIP%2FEDMOND-CHIP-2019-Final.ashx%3Frevision%3D9cdd076c-c1dd-4028-96ce-3de6b48d8c8c&usg=AOvVaw24zj97xeeZdilDKNcnq1P9,https://integrisok.com/about-integris/serving-our-community/reports,"Stephen D. Petty, B.A., M.A System Administrative Director INTEGRIS Wellness 5100 N. Brookline, Suite 100 Oklahoma City, Oklahoma 73112"
INTEGRIS Miami Hospital,200 Second Avenue SW,Miami,74354-6830,OK,INTEGRIS Health,,2018,Combination of counties and places,Ottawa,N/A,"Commerce, Miami, Afton, Fairland, North Miami, Peoria, Quapaw, Wyandotte","Diet, nutrition, and physical activity, Weight and obesity, Mental health and mental health disorders, Chronic disease management, Health education and literacy, Access to health services, care coordination, and affordability, Tobacco use, Substance abuse, Economic and social environment, Childrens health, Child neglect/abuse, Prevention and safety, Aging problems and care, Veterans care, Available public transportation, Prevention and safety, Health behaviors
","Mental Health, Alcohol/Drug Abuse, Chronic Disease, Obesity",https://www.google.hu/url?sa=t&rct=j&q=&esrc=s&source=web&cd=&ved=2ahUKEwjMjs-soOj2AhXfhP0HHSgKBhIQFnoECAUQAQ&url=https%3A%2F%2Fintegrisok.com%2F-%2Fmedia%2Fpdf%2F2020_CHIP%2FCHNA-Miami2018.ashx%3Frevision%3D65bcbc43-5f5b-4db3-bb28-3cc3db9986ab&usg=AOvVaw1XPwaiV3lsSPfSQlmtFo5G,INTEGRIS-Health-CHIP-FY-2022_INTEGRIS-Community-Hospitals.pdf (integriscommunityhospital.com),N/A
INTEGRIS Southwest Medical Center,4401 South Western,Oklahoma City,73109-3413,OK,INTEGRIS Health,Yes,2019,List of Places,N/A,N/A,State of Oklahoma,Chronic disease management,"Obesity, Mental Health, Access to Care/Food Insecurity, Tobacco",https://www.google.hu/url?sa=t&rct=j&q=&esrc=s&source=web&cd=&cad=rja&uact=8&ved=2ahUKEwiHjtmJo-j2AhXSjqQKHWfWC5YQFnoECAgQAQ&url=https%3A%2F%2Fintegrisok.com%2F-%2Fmedia%2Fpdf%2F2020_CHIP%2FSOUTHWEST-CHIP-2019-Final.ashx%3Frevision%3Df824d58f-9d00-466d-a90f-aff1f98537b0&usg=AOvVaw0A0M3kRwVMiflteofhFBmj,https://www.google.hu/url?sa=t&rct=j&q=&esrc=s&source=web&cd=&cad=rja&uact=8&ved=2ahUKEwiHjtmJo-j2AhXSjqQKHWfWC5YQFnoECAgQAQ&url=https%3A%2F%2Fintegrisok.com%2F-%2Fmedia%2Fpdf%2F2020_CHIP%2FSOUTHWEST-CHIP-2019-Final.ashx%3Frevision%3Df824d58f-9d00-466d-a90f-aff1f98537b0&usg=AOvVaw0A0M3kRwVMiflteofhFBmj,"Stephen D. Petty, B.A., M.A System Administrative Director INTEGRIS Wellness 5100 N. Brookline, Suite 100 Oklahoma City, Oklahoma 73112"
J. D. McCarty Center for Children With Developmental Disabilities,2002 East Robinson,Norman,73071-7420,OK,,Yes,N/A unable to find,,,,,,,,,
Jack C. Montgomery Veterans Affairs Medical Center,1011 Honor Heights Drive,Muskogee,74401-1318,OK,Department of Veterans Affairs,Yes,N/A unable to find,,,,,,,,,
Jackson County Memorial Hospital,1200 East Pecan Street,Altus,73521-6192,OK,,Yes,2020,Combination of counties and places,Jackson,N/A,Southwest Oklahoma,N/A,"Cancer, Overweight/Obesity, Access to Care",https://www.jcmh.com/sites/jcmh/uploads/documents/2019_2020_CHNA_Implementation_Plan.pdf,https://www.jcmh.com/sites/jcmh/uploads/documents/2019_2020_CHNA_Implementation_Plan.pdf,580-379-5771.
Jane Phillips Medical Center,3500 East Frank Phillips Boulevard,Bartlesville,74006-2411,OK,Ascension Healthcare,Yes,2019,List of Counties,Washington,N/A,N/A,"Behavioral health, Exercise/nutrition/weight, Prevention/health behaviors (e.g., smoking, missing doctors visits, etc.), Access to care, Chronic disease (esp. cancer), Adverse childhood experiences (ACEs), Food access/security, Safe environment, Substance abuse, Socioeconomic status, Immunizations and infectious diseases, Lack of health education, Maternal/fetal/infant health","Behavioral Health, Access to Care , Healthy Lifestyles, Adverse childhood experiences (ACEs)",https://healthcare.ascension.org/-/media/healthcare/compliance-documents/oklahoma/2020-2022-jane-phillips-medical-center-implmentation-strategy.pdf,https://healthcare.ascension.org/-/media/healthcare/compliance-documents/oklahoma/2020-2022-jane-phillips-medical-center-implmentation-strategy.pdf,https://app.smartsheet.com/b/form/8c54f814a61e452789004836ae5a5529
Jane Phillips Nowata Health Center,237 South Locust Street,Nowata,74048-3660,OK,Ascension Healthcare,Yes,2016,"Combination of counties, zip codes, and places",Nowata,"74048, 74027, 74042, 74072, 74083",Eastern Oklahoma,"Diet, nutrition, and physical activity, Weight and obesity, Mental health and mental health disorders, Chronic disease management, General education and workforce development, Health education and literacy, Access to health services and affordability, Tobacco use, Substance abuse, Economic and social environment, Prevention and safety, Aging problems, Childrens health, Available public transportation, Physical environment, Health behaviors, Mammograms, Resource development and awareness"," Wellness and Chronic Disease Prevention, Affordability and Access to Care, Behavioral Health (mental health and substance abuse), Health Education and Literacy",https://healthcare.ascension.org/-/media/healthcare/compliance-documents/oklahoma/2016-jane-phillips-nowata-chna-report.pdf,https://healthcare.ascension.org/-/media/healthcare/compliance-documents/oklahoma/2020-2022-jane-phillips-nowata-implmentation-strategy.pdf,N/A
Jefferson County Hospital,Highway 70 and 81,Waurika,73573-3075,OK,Duncan Regional Hospital,Yes,2022,Combination of counties and places,"Jefferson, Stephens",N/A,"Addington, Cornish, Hastings, Ringling, Ryan, Sudgen, Terral, Waurika",N/A,"Healthy Living, Behavioral Health, Safety & Injury Prevention",https://cloud.3dissue.com/5309/6212/11888/CHIP2022a/index.html?r=10,https://cloud.3dissue.com/5309/6212/11888/CHIP2022a/index.html?r=10,Kim Whaley 580-251-8558
Jim Taliaferro Community Mental Health,602 SW 38th Street,Lawton,73505,OK,,Unable to find,n/a unable to find,,,,,,,,,
Lakeside Women's Hospital,11200 North Portland Avenue,Oklahoma City,73120-5045,OK,INTEGRIS Health,Yes,2022,List of Counties,Oklahoma,N/A,N/A,"Tobacco use, Physical Activity, Chronic Disease, Cardiovascular Disease, Hypertension and Heart Disease, Cancer, Diabetes, Mental Health and Addiction, Suicide, Maternal Health","Obesity, Access to Care, Tobacco, Food Insecurity, Mental Health",https://integrisok.com/-/media/Community-Wellness/2022-CHNA/COHIT-CHNA-2022--Oklahoma-County.ashx,N/A,N/A
Laureate Psychiatric Clinic and Hospital,6655 South Yale Avenue,Tulsa,74136-3329,OK,Saint Francis Health System,Yes,2020,List of Counties,"Cherokee, Craig, Creek, Haskell, MAyes, McIntosh, Muskogee, Okmulgee, Rogers, Sequoyah, Tulsa, Wagoner",N/A,N/A,Aging problems and care,"Access to healthcare (primary care/screening and primary care and specialty providers), Behavioral health (substance abuse and mental health), Chronic diseases (diabetes cancer heart disease) and stroke, Lack of health insurance/ability to pay for healthcare ",https://issuu.com/saintfrancistulsa/docs/chna19,https://www.saintfrancis.com/assets/documents/sfhs-chna2019-implementation-strategy.pdf,N/A
Lawton Indian Hospital,1515 Lawrie Tatum Road,Lawton,73507-3099,OK,U. S. Indian Health Service,No,N/A unable to find,,,,,,,,,
Lindsay Municipal Hospital,Highway 19 West,Lindsay,73052,OK,,,N/A unable to find,,,,,,,,,
Mangum Regional Medical Center,One Wickersham Drive,Mangum,73554-9116,OK,,Yes,2018,Combination of counties and places,"Jackson, Harmon, Greer",N/A,Mangum,"Poverty all ages, mental health services, safe neighborhoods sidewalks parks, elder care, RX prescription assistance, childcare , youth activities","Affordable housing, Recovery from substance abuse, Well-paying jobs",https://mangumregional.net/wp-content/uploads/2019/01/Community_Needs_Assessment-signed-copy-2018.pdf,https://mangumregional.net/wp-content/uploads/2019/01/Community_Needs_Assessment-signed-copy-2018.pdf,lcrabb@qmhealth.org
McAlester Regional Health Center,One East Clark Bass Boulevard,McAlester,74501-4267,OK,,,N/A unable to find,,,,,,,,,
McCurtain Memorial Hospital,1301 Lincoln Road,Idabel,74745-7341,OK,McCurtain,Yes,2019,"Combination of counties, zip codes, and places","Choctaw, McCurtain, Pushmataha, Little River, Polk, Sevier","74734, 74740, 74745, 74728, 74766, 74736, 74750, 74764","Eagletown, Haworth, Idabel, Broken Bow, Wright City, Garvin, Millerton, Valliant, Lamar County TX","Overall wellness and education, improve quality of life, obesity rates along with physical inactivity rates- little opportunity for physical activity in rural areas, smoking, teen birth rate along with STIs, access to mental health providers, trauma informed care, motor vehicle crash death rate and potential correlation with substance abuse","Overall wellness and education, improve quality of life, obesity rates along with physical inactivity rates, smoking, access to mental health providers",https://www.mmhok.net/_files/ugd/1a6ae2_5058749add1a434faebcd7a1df8a7437.pdf,https://www.mmhok.net/_files/ugd/1a6ae2_dd584cb848924d7a8f0c18079e902946.pdf,"Corie Kaiser, Director. corie.kaiser@okstate.edu"
Memorial Hospital of Stilwell,1401 West Locust,Stilwell,74960-3275,OK,,Yes,N/A unable to find,,,,,,,,,
Memorial Hospital of Texas County,520 Medical Drive,Guymon,73942-4438,OK,,,N/A unable to find,,,,,,,,,
Mercy Health Love County,300 Wanda Street,Marietta,73448-1200,OK,Mercy,Yes,2019,"Combination of counties, zip codes, and places","Carter, Jefferson, Love, Murray, Stephens","73438, 73463, 73481, 73456, 73437, 73401, 73435, 73442, 73491, 73533, 73848, 73569, 74565, 73841, 73458, 73443, 73441, 73439, 73433, 73055","Healdton, Ardmore, Waurika, Marietta, Sulphur, Duncan ","Lack of physicians/Difficult to see provider/Retiring physicians, Level of care/Limited services available/Distance to services, Quality of care/Compassion for patient, Access to specialists, Cost of care/Cost for uninsured, ","Lack of physicians/Difficult to see provider/Retiring physicians, Level of care/Limited services available/Distance to services, Quality of care/Compassion for patient ",https://www.mercy.net/content/dam/mercy/en/pdf/chna/Healdton-CHNA-2019.pdf,https://www.mercy.net/content/dam/mercy/en/pdf/chna/Healdton-CHNA-2019.pdf,"Corie Kaiser, Director, coriekaiser@okstate.edu"
Mercy Hospital Ada,430 North Monte Vista,Ada,74820-4610,OK,Mercy,Yes,2019,List of Counties,"Garvin, Hughes, Johnston, Pontotoc, Seminole",N/A,N/A,"Lack of transportation, access to affordable health care, access to affordable health screenings, access to healthy lifestyle resources","Access to affordable health care, access to affordable health screenings, access to healthy lifestyle resources",https://www.mercy.net/content/dam/mercy/en/pdf/chna/Ada-CHNA-2019.pdf,N/A,N/A
Mercy Hospital Ardmore,1011 14th Avenue NW,Ardmore,73401-1828,OK,Mercy,Yes,2022,List of Counties,"Carter, Jefferson, Johnston, Love, Marshall, Murray",N/A,N/A,"Access to Care, Behavioral Health, Heart Disease/High Blood Pressure, Food Insecurity, Obesity and Diabetes, Affordable Housing","Access to Care, Behavioral Health, Food Insecurity",https://www.mercy.net/content/dam/mercy/en/pdf/chna/ardmore-chna-2022.pdf,N/A,N/A
Mercy Hospital Healdton,3462 Hospital Road,Healdton,73438-6124,OK,Mercy,,2022,"Combination of counties, zip codes, and places","Carter, Jerferson, Love, Murray, Stephens","73425, 73437, 73438, 73442, 73456, 73463, 73481, 73487, 73491, 73520, 73430, 73529, 73030, 73434, 73569, 73444, 73441, 73443, 73453, 73433, 73565, 73458, 73573","Healdton, Ardmore, Waurika, Marietta, Sulphur, Duncan ","Mental health/Substance abuse, Poverty, Diabetes/diabetes education, Heart disease, Smoking, Obesity/Physical inactivity/Access to exercise, Access to specialists, Suicide, Transportation, Affordable housing, Accessing healthy food options, Violent crime rate, STD/STI, Number of healthcare professionals, Premature death rates, Lack of overnight or long term housing options for homeless population in Ardmore","Mental health/Substance abuse, Poverty, Diabetes/diabetes education, Heart disease, Smoking, Obesity/Physical inactivity/Access to exercise, Access to specialists, Suicide, Transportation, Affordable housing, Accessing healthy food options, Violent crime rate, STD/STI, Number of healthcare professionals, Premature death rates, Lack of overnight or long term housing options for homeless population in Ardmore",https://www.mercy.net/content/dam/mercy/en/pdf/chna/healdton-chna-2022.pdf,https://www.mercy.net/content/dam/mercy/en/pdf/chna/healdton-chna-2022.pdf,"Corie Kaiser, Director, coriekaiser@okstate.edu"
Mercy Hospital Kingfisher,1000 Hospital Cirle,Kingfisher,73750-5002,OK,Mercy,,2019,"Combination of counties, zip codes, and places",Kingfisher,"73750, 73016, 73734, 73756, 73762, 73742, 73764, 73014, 73028, 73040, 73043","Kingfisher, Cashion, Dover, Loyal, Okarche, Hennessey, Omega, Calumet, Crescent, Geary, Greenfield ","Obesity, Smoking/Tobacco use, Mental health, Teen pregnancy, Opioids, Suicide","Obesity, Smoking/Tobacco use, Mental health, Teen pregnancy, Opioids, Suicide",https://osucrhblog.s3.amazonaws.com/chna/pdf/mercyhospkingfisher19.pdf,https://osucrhblog.s3.amazonaws.com/chna/pdf/mercyhospkingfisher19.pdf,"Corie Kaiser, Director, coriekaiser@okstate.edu"
Mercy Hospital Logan County,200 South Academy Road,Guthrie,73044-8727,OK,Mercy,,2019,"Combination of counties, zip codes, and places",Logan,"73044, 73028, 73050, 73058, 73063, 73016, 73027, 73025, 73056, 73073","Guthrie, Crescent, Langston, Meridian, and Mulhall","Transportation, Increase services and resources for an elderly population, Increase telemedicine services, Need for a community health advocate, Indigent prescription drug program, Increase need for mental health and behavioral health services","Transportation, Increase services and resources for an elderly population, Increase telemedicine services, Need for a community health advocate, Indigent prescription drug program, Increase need for mental health and behavioral health services",https://www.mercy.net/content/dam/mercy/en/pdf/chna/Guthrie-CHNA-2019.pdf,https://www.mercy.net/content/dam/mercy/en/pdf/chna/Guthrie-CHNA-2019.pdf,N/A
Mercy Hospital Oklahoma City,4300 West Memorial Road,Oklahoma City,73120-8362,OK,Mercy,Yes,2019,"Combination of counties, zip codes, and places"," El Reno, Watonga, Kingfisher, Guthrie","73107, 73109, 73111, 73102, 73069, 73127",,"Access to care, food/insecurity, mental/behavioral health, obesity, tobacco",N/A,https://www.mercy.net/content/dam/mercy/en/pdf/chna/OKC-CHNA-2019.pdf,https://www.mercy.net/content/dam/mercy/en/pdf/chna/OKC-CHNA-2019.pdf,N/A
Mercy Hospital Tishomingo,1000 South Byrd Street,Tishomingo,73460-3299,OK,Mercy,Yes,2019,Combination of counties and zip codes,"Tishomingo, Mill Creek, Connerville, Milburn, Bromide, Wapanucka, Ravia, Mannsville, Madill","73460, 74856, 74836, 73450, 74530, 73461, 73455, 73447, 73446",N/A,"Access to specialists, quality housing, eye care, attracting and keeping primary care physicians, service lines at hospital, EMS transport, high Medicaid share of payers","Child nutrition/food hunger/senior hunger, mental health and substance abuse, specialists attracting and keeping primary care physicians in this area",https://www.mercy.net/content/dam/mercy/en/pdf/chna/Tishomingo-CHNA-2019.pdf,https://www.mercy.net/content/dam/mercy/en/pdf/chna/Tishomingo-CHNA-2019.pdf,N/A
Mercy Hospital Watonga,500 North Clarence Nash Boulevard,Watonga,73772-2845,OK,Mercy,Yes,2019,"Combination of counties, zip codes, and places","Blaine, Greenfield, Hitchcock, Fay, Omega, Watonga, Calumet, Canton, Geary, Kingfisher, Longdale, Loyal, Oakwood, Eagle City, Okarche, Okeene, Putnam, Thomas","73043, 73744, 73646, 73764, 73772, 73014, 73669, 73659, 73763, 73762, 73658, 73756, 73755, 73750, 73040, 73724",Watonga,"Access to care, Childhood nutrition, Transportation to care, Mental health access, Health department staffing, Affordable health care, Mercy does have charity care, forms are available at the hospital and clinic","Childcare as a need for all of Blaine County, Physical activity, Mental health, Healthy eating and childhood nutrition",https://www.mercy.net/content/dam/mercy/en/pdf/chna/Watonga-CHNA-2019.pdf,https://www.mercy.net/content/dam/mercy/en/pdf/chna/Watonga-CHNA-2019.pdf,N/A
Mercy Rehabilitation Hospital Oklahoma City,5401 West Memorial Rd,Oklahoma City,73142-2026,OK,Mercy,Unable to find,2019,List of Zip Codes,N/A,"73107, 73109, 73111, 73102, 73069, 73127",N/A,"Education, Poverty, Food insecurity, safety. Obesity, Mental Health: Depression/Anxiety, Access to healthcare, Mental Health, Tobacco","Education, Poverty, Food insecurity, safety. Obesity, Mental Health: Depression/Anxiety, Access to healthcare, Mental Health, Tobacco",https://www.mercy.net/content/dam/mercy/en/pdf/chna/OKC-CHNA-2019.pdf,N/A,N/A
Muscogee Creek Nation Medical Center,1401 Morris Drive,Okmulgee,74447-6429,OK,,Unable to find,N/A unable to find,,,,,,,,,
Muscogee Creek Nation Physical Rehabilitation Center,1401 Morris Drive,Okmulgee,74447-6429,OK,,Unable to find,N/A unable to find,,,,,,,,,
N/A unable to find,N/A unable to find,Oklahoma City,73114-7408,OK,,,N/A unable to find,,,,,,,,,
Newman Memorial Hospital,905 South Main Street,Shattuck,73858-9205,OK,"Oklahoma Office of Rural Health, OSU Center for Rural Health",,2019,"Combination of counties, zip codes, and places","Beaver, Custer, Dewey, Ellis, Harper, Major, Roger Mills, Woodward, Woods","73858. 73851, 73840, 73843, 73832, 73848. 790034, 79046, 79056, 79024, 73855, 73841, 73841. 73869, 73857, 73801, 79005, 73844, 73853, 73835, 73642","Beaver, Clinton, Weatherford, Seiling, Shattuck, Buffalo, Fairview, Cheyenne, Woodward, Alva, Canadian, Perryton, Hemphill County (TX), Ochitree County (TX)","Acessing specialty services, heart disease, cancers, diabetes, accessing primary care, obesity, mental health, substance abuse, motor vechicle crashes, dental, suicide, teen pregnancy, pain management, lack of OB care, quality of care, pediatric, no wellness providers who utilize plant bases products, complete emergency care, geriatric care, insurance coverage/proper coding, wound care","More care coverage, more availability of specalists, expand education outreach to youth and families (going to schools, birthing education, diabetec education), health and sex education",https://old.newmanmemorialhospital.org/assets/shattuck-2019-chna-report.pdf,https://old.newmanmemorialhospital.org/assets/shattuck-2019-chna-report.pdf,N/A
Norman Regional Health System,901 North Porter Avenue,Norman,73071-6404,OK,,,2021,Combination of zip codes and places,N/A,"73071, 73071, 73072   ","Blanchard, Noble, Midwest City, Moore","Chest pain, Diabetes, Hip Fracture","Health, Social needs, COVID-19","Health, Social needs, COVID-19",https://www.normanregional.com/blog/community-health-needs-assessment-begins,N/A
Northeastern Health System,1400 East Downing Street,Tahlequah,74464-3324,OK,,,N/A unable to find,,,,,,,,,
Northeastern Health System Sequoyah,213 East Redwood Street,Sallisaw,74955-2811,OK,,Yes,N/A unable to find,,,,,,,,,
Northwest Center for Behavioral Health,1 Mi East Highway 270,Fort Supply,73841,OK,Oklahoma Department of Mental Health and Substance Abuse Services,Yes,N/A unable to find,,,,,,,,,
Northwest Surgical Hospital,9204 North May Avenue,Oklahoma City,73120-4419,OK,INTEGRIS,Yes,2020,List of Counties,"Oklahoma, Cleveland",N/A,N/A,"Employment, Food Insecurity, Housing, Health Education and Promotion, Access to Healthcare, Obesity, Mental Health, Transportation, Employment, Housing, Poverty, Education, Access to Healthcare, Obesity, Mental Health, Safety","Employment, Food Insecurity, Housing, Poverty, Health Education & Promotion, Healthcare Access, Obesity, Mental Health, Safety, Transportation",https://nwsurgicalokc.com/application/files/6016/2826/5929/CHNA2021.pdf,https://nwsurgicalokc.com/application/files/8916/2817/7987/INTEGRIS_Health_CHIP_FY_2022-_Healthcare_Partners_Investments.pdf,N/A
Oakwood Springs,13101 Memorial Springs Court,Oklahoma City,73114-2226,OK,Springstone,n/a,N/A unable to find,,,,,,,,,
Okeene Municipal Hospital,207 East 'F' Street,Okeene,73763-9441,OK,"

SSM Health
",Yes,2022,"Combination of counties, zip codes, and places",Oklahoma city,"73117, 73106,  73111 73141","Valley Brook, Del City","Food Insecurity, Access to Behavioral Health Services, Tobacco Cessation","Access to care, Employment, Education, Healthy food",https://docs.google.com/spreadsheets/d/1is84F_FJo2XFi1Ay3UZGumIcDRHO5U8n40B-uLM_v30/edit#gid=1000429093,https://www.ssmhealth.com/SSMHealth/media/Documents/about/chna/oklahoma/ssm-health-st-anthony-chna-2022.pdf,"

ameier@okeenehospital.com
"
Oklahoma Center for Orthopedic and Multi-Specialty Surgery,"8100 South Walker, Suite C",Oklahoma City,73139-9402,OK,United Surgical Partners International,Yes,2020,List of Counties,"Oklahoma, Cleveland",N/A,N/A,"Employment, Food Insecurity, Housing, Health Education and Promotion, Access to Healthcare, Obesity, Mental Health, Transportation, Employment, Housing, Poverty, Education, Access to Healthcare, Obesity, Mental Health, Safety","Employment, Food Insecurity, Housing, Poverty, Health Education & Promotion, Healthcare Access, Obesity, Mental Health, Safety, Transportation",https://nwsurgicalokc.com/application/files/6016/2826/5929/CHNA2021.pdf,https://ocomhospital.com/wp-content/uploads/2021/05/INTEGRIS-Health-Joint-CHNA-2020-2021.pdf,N/A
Oklahoma City Veterans Affairs Medical Center,921 NE 13th Street,Oklahoma City,73104-5028,OK,Department of Veterans Affairs,,N/A unable to find,,,,,,,,,
Oklahoma Forensic Center,24800 South 4420 Road,Vinita,74301-5544,OK,Oklahoma Department of Mental Health and Substance Abuse Services,,N/A unable to find,,,,,,,,,
Oklahoma Heart Hospital,4050 West Memorial Road,Oklahoma City,73120-8382,OK,,,N/A unable to find,,,,,,,,,
Oklahoma Heart Hospital South Campus,5200 East I-240 Service Road,Oklahoma City,73135,OK,,,N/A unable to find,,,,,,,,,
Oklahoma Spine Hospital,14101 Parkway Commons Drive,Oklahoma City,73134-6012,OK,,,N/A unable to find,,,,,,,,,
Oklahoma State University Medical Center,744 West Ninth Street,Tulsa,74127-9020,OK,Saint Francis Health System,,N/A unable to find,,,,,,,,,
Oklahoma Surgical Hospital,"2408 East 81st Street, Suite 300",Tulsa,74137-4215,OK,,,N/A unable to find,,,,,,,,,
OneCore Health,"1044 SW 44th Street, Suite 350",Oklahoma City,73109-3609,OK,,,N/A unable to find,,,,,,,,,
OU Medical Center,1200 Everett Drive,Oklahoma City,73104-5047,OK,,,2020,Combination of counties and places,Oklahoma,N/A,Oklahoma Metropolitan Statstical Area,"Social Determinants of Health, Access to Care
","Housing, Mental Health, Access to Care",https://www.ouhealth.com/documents/content/OUMI_CHNA_CHIP_2020.pdf,https://www.ouhealth.com/documents/content/OUMI_CHNA_CHIP_2020.pdf,Halley.Reeves@oumedicine.com
Parkside Psychiatric Hospital and Clinic,1619 East 13th Street,Tulsa,74120-5407,OK,,,2019,List of Counties,Tulsa,N/A,N/A,"Provision of more inpatient beds, Outreach and education, Expanded outpatient service offerings, Working w/ other agencies, Expansion of services/free services, Speciality programs for autism","Mental health and substance abuse treatment, Education, Community Outreach, Suicide",https://parksideinc.org/wp-content/uploads/attachments/ParksideCHNA2019r.pdf,https://parksideinc.org/wp-content/uploads/attachments/ParksideCHNA2019r.pdf,N/A
Pawhuska Hospital,1101 East 15th Street,Pawhuska,74056-1920,OK,,,2019,"Combination of counties, zip codes, and places","Kay, Nowata, Osage, Pawnee, Rogers, Washington, Chatauqua, Cowley","74056, 74652, 74084, 74633, 74035, 74002, 74001, 74003, 74637, 74022","Ponca City, Nowata, Fairfax, Cleveland, Claremore, Bartlesville, Sedan, KS, Arkansas City, KS, Winfield, KS","Mental health funding and the need for mental health services, Dialysis assistance, Healthy eating impacting obesity rates, Services for an Aging Population","Mental health funding and the need for mental health services, Dialysis assistance, Healthy eating impacting obesity rates, Services for an Aging Population",https://secureservercdn.net/45.40.149.34/v90.967.myftpupload.com/wp-content/uploads/2019/12/Pawhuska-CHNA-2019-final.pdf,https://secureservercdn.net/45.40.149.34/v90.967.myftpupload.com/wp-content/uploads/2019/12/Pawhuska-CHNA-2019-final.pdf,N/A
Physicians' Hospital in Anadarko,1002 Central Boulevard East,Anadarko,73005-4496,OK,"First Physicians Capital Group, Inc.",,2016,"Combination of counties, zip codes, and places",Caddo,"73005, 73042, 73029, 73006, 73038, 73092, 73017","Anadarko, Gracemont, Cyril, Apache, Fort Cobb, Verden, Cement","Mental health, Depression to suicide, Lack of resources available, Alcoholism, People leaving community for care- negative reputation/impression of local services, Need for more education on local services and quality services, Apathy in community, Lack of caring about health etc, Coordination of services- leverage existing resources and programs, Obesity, Diabetes, Smoking, Gambling, Lack of transportation/difficult to get to appointments","Respiratory health, Education rates beyond high school, High rates of obesity which in turn impact diabetes rates, Not enough primary care physician available, Increase in use of telemedicine 
",https://anadarkohospital.com/wp-content/uploads/2017/06/CHNA-Final-Doc_Anadarko.pdf,https://anadarkohospital.com/wp-content/uploads/2017/06/CHNA-Final-Doc_Anadarko.pdf,N/A
Post Acute Medical Specialty Hospital of Tulsa,3219 South 79th East Avenue,Tulsa,74145-1343,OK,"Post Acute Medical, LLC",No,N/A unable to find,,,,,,,,,
Prague Community Hospital,1322 Klabzuba Avenue,Prague,74864-9005,OK,Rural Community Hospitals of America,Yes,N/A unable to find,,,,,,,,,
Purcell Municipal Hospital,1500 North Green Avenue,Purcell,73080-1699,OK,,Yes,2022,"Combination of counties, zip codes, and places",McClain,"73051, 73057, 73074, 73080, 73095, 74878, 73010, 73052, 73075, 73433, 73093, 73068, 74831, 73002, 73065, 73072, 73026, 74852, 74826, 74872, 73098","Oklahoma, Lexington, Newcastle","Adult Smoking, Adult Obesity, Teen Births, Uninsured, Mammography Screening, High School Graduation, Children in Poverty, Injury Deaths","Adult Smoking, Adult Obesity, Excessive Drinking, Uninsured",https://purcellhospital.com/wp-content/uploads/2022/06/Purcell-2022-CHNA.pdf,https://purcellhospital.com/wp-content/uploads/2022/06/Purcell-2022-CHNA.pdf,N/A
Pushmataha Hospital,510 East Main Street,Antlers,74523-3262,OK,,,2016,Combination of counties and places,"Atoka, Bryan, Choctaw, Coal, Latimer, McCurtain, Pittsburg, Pushmataha ",N/A,"Atoka, Durant, Hugo, Coalgate, Wilburton, Idabel, McAlester, Antlers","Lack of providers/Recruitment of providers, No Concerns/ Receive good care/Don't Know, Lack of equipment and supplies, Quality of care/Professional care ","Lack of providers/Recruitment of providers, No Concerns/ Receive good care/Don't Know, Lack of equipment and supplies, Quality of care/Professional care ",https://pushmatahahospital.com/images/docs/pushhospital2016.pdf,https://pushmatahahospital.com/images/docs/pushhospital2016.pdf,"Corie Kaiser, Director, coriekaiser@okstate.edu"
Roger Mills Memorial Hospital,501 South L.L. Males,Cheyenne,73628,OK,,,2019,Combination of counties and places,"Beaver, Custer, Custer, Dewey, Ellis, Harper, Major, Roger Mills, Woodward, Woods",N/A,"Beaver, Clinton, Weatherford, Seiling, Shattuck, Buffalo, Fairview, Cheyenne, Woodward, Alva, Canadian, , Hemphill, TX, Ochiltree, TX","Accessing specialty services, Heart disease, Cancers, Diabetes","Accessing specialty services, Heart disease, Cancers, Diabetes",https://old.newmanmemorialhospital.org/assets/shattuck-2019-chna-report.pdf,https://old.newmanmemorialhospital.org/assets/shattuck-2019-chna-report.pdf,"Corie Kaiser, Director, coriekaiser@okstate.edu"
Rolling Hills Hospital,1000 Rolling Hills Lane,Ada,74820-9415,OK,"Acadia Healthcare Company, Inc.",,N/A unable to find,,,,,,,,,
Saint Francis Hospital,6161 South Yale Avenue,Tulsa,74136-1902,OK,Saint Francis Health System,Yes,2019,List of Counties,"Cherokee, Craig, Creek, Haskell, Mayes, McIntosh, Muskogee, Okmulgee, Rogers, Sequoyah, Tulsa, Wagoner",N/A,N/A,"Lack of health insurance, Education, Access to healthcare providers (primary or secondary), Substance abuse (including tobacco), Ability to pay for healthcare, Access to healthy food/groceries, Access to primary care (screenings), Chronic diseases (diabetes cancer heart diseases), Stroke, Housing/homelessness, Mental health, Poverty, Access to dental care, Transportation, Domestic violence, Physical activity, Child abuse/neglect, Sexual health, Saftey (motor vehicle crash/unintential injury)","Access to healthcare (primary care/screening and primary care and specialty providers), Behavioral health (substance abuse and mental health), Chronic diseases (diabetes, cancer, heart disease) and stroke, Lack of health insurance/ability to pay for healthcare",https://issuu.com/saintfrancistulsa/docs/chna19?e=32494011/70414518,https://www.saintfrancis.com/assets/documents/sfhs-chna2019-implementation-strategy.pdf,chna@saintfrancis.com
Saint Francis Hospital Muskogee,300 Rockefeller Drive,Muskogee,74401-5081,OK,Saint Francis Health System,,2019,List of Counties,"Cherokee, Craig, Creek, Haskell, Mayes, McIntosh, Muskogee, Okmulgee, Rogers, Sequoyah, Tulsa, Wagoner",N/A,N/A,"Lack of health insurance, Education, Access to healthcare providers (primary or secondary), Substance abuse (including tobacco), Ability to pay for healthcare, Access to healthy food/groceries, Access to primary care (screenings), Chronic diseases (diabetes cancer heart diseases), Stroke, Housing/homelessness, Mental health, Poverty, Access to dental care, Transportation, Domestic violence, Physical activity, Child abuse/neglect, Sexual health, Saftey (motor vehicle crash/unintential injury)","Access to healthcare (primary care/screening and primary care and specialty providers), Behavioral health (substance abuse and mental health), Chronic diseases (diabetes, cancer, heart disease) and stroke, Lack of health insurance/ability to pay for healthcare",https://issuu.com/saintfrancistulsa/docs/chna19?e=32494011/70414518,https://www.saintfrancis.com/assets/documents/sfhs-chna2019-implementation-strategy.pdf,chna@saintfrancis.com
Saint Francis Hospital South,10501 East 91st Street,Tulsa,74133-5790,OK,Saint Francis Health System,,2019,List of Counties,"Cherokee, Craig, Creek, Haskell, Mayes, McIntosh, Muskogee, Okmulgee, Rogers, Sequoyah, Tulsa, Wagoner",N/A,N/A,"Lack of health insurance, Education, Access to healthcare providers (primary or secondary), Substance abuse (including tobacco), Ability to pay for healthcare, Access to healthy food/groceries, Access to primary care (screenings), Chronic diseases (diabetes cancer heart diseases), Stroke, Housing/homelessness, Mental health, Poverty, Access to dental care, Transportation, Domestic violence, Physical activity, Child abuse/neglect, Sexual health, Saftey (motor vehicle crash/unintential injury)","Access to healthcare (primary care/screening and primary care and specialty providers), Behavioral health (substance abuse and mental health), Chronic diseases (diabetes, cancer, heart disease) and stroke, Lack of health insurance/ability to pay for healthcare",https://issuu.com/saintfrancistulsa/docs/chna19?e=32494011/70414518,https://www.saintfrancis.com/assets/documents/sfhs-chna2019-implementation-strategy.pdf,chna@saintfrancis.com
Saint Francis Hospital Vinita,735 North Foreman Street,Vinita,74301-1418,OK,Saint Francis Health System,Yes,2019,List of Counties,"Cherokee, Craig, Creek, Haskell, Mayes, McIntosh, Muskogee, Okmulgee, Rogers, Sequoyah, Tulsa, Wagoner",N/A,N/A,"Lack of health insurance, Education, Access to healthcare providers (primary or secondary), Substance abuse (including tobacco), Ability to pay for healthcare, Access to healthy food/groceries, Access to primary care (screenings), Chronic diseases (diabetes cancer heart diseases), Stroke, Housing/homelessness, Mental health, Poverty, Access to dental care, Transportation, Domestic violence, Physical activity, Child abuse/neglect, Sexual health, Saftey (motor vehicle crash/unintential injury)","Access to healthcare (primary care/screening and primary care and specialty providers), Behavioral health (substance abuse and mental health), Chronic diseases (diabetes, cancer, heart disease) and stroke, Lack of health insurance/ability to pay for healthcare",https://issuu.com/saintfrancistulsa/docs/chna19?e=32494011/70414518,https://www.saintfrancis.com/assets/documents/sfhs-chna2019-implementation-strategy.pdf,chna@saintfrancis.com
Seiling Regional Medical Center,Highway 60 NE,Seiling,73663,OK,,Unable to find,N/A unable to find,,,,,,,,,
Select Specialty Hospital-Oklahoma City,3524 NW 56th Street,Oklahoma City,73112-4518,OK,Select Medical Corporation,Unable to find,N/A unable to find,,,,,,,,,
Select Specialty Hospital-Tulsa Midtown,"1125 South Trenton Avenue, 3rd Floor",Tulsa,74120-5418,OK,Select Medical Corporation,Yes,N/A unable to find,,,,,,,,,
Shadow Mountain Behavioral Health System,6262 South Sheridan Road,Tulsa,74133-4055,OK,"Universal Health Services, Inc.",No,N/A unable to find,,,,,,,,,
Share Medical Center,800 Share Drive,Alva,73717-3618,OK,SSM Health,Yes,N/A unable to find,,,,,,,,,
Southwestern Medical Center,5602 SW Lee Boulevard,Lawton,73505-9635,OK,LifePoint Health,,N/A unable to find,,,,,,,,,
Southwestern Regional Medical Center,10109 East 79th Street,Tulsa,74133-4564,OK,Cancer Treatment Centers of America,,N/A unable to find,,,,,,,,,
SSM Health St. Anthony Hospital - Oklahoma City,1000 North Lee Street,Oklahoma City,73102-1080,OK,SSM Health,,2015,Combination of counties and places,Jefferson County,N/A,"Mount Veron, Bonnie, Spring Green, Ina, Wattonville, Woodlawn, Bluford, Dix","Community diseases issues of treatment and preventions, Cancer treatment and preventions, heart diseases treatment and preventions, and obesity treatment and preventions","Cancer treatment and preventions, heart diseases treatment and preventions, and obesity treatment and preventions",https://www.ssmhealth.com/SSMHealth/media/Documents/about/chna/illinois/ssm-health-good-sam-chna-2015.pdf,https://www.ssmhealth.com/SSMHealth/media/Documents/about/chna/illinois/ssm-health-good-sam-chna-2015.pdf,N/A
SSM Health St. Anthony Hospital - Shawnee,1102 West MacArthur Street,Shawnee,74804-1744,OK,SSM Health,,2021,"Combination of counties, zip codes, and places",Pottawatomie,74804,"Asher, McLoud, Shawnee, Tecumseh, Wanette","Affordable housing and homelessness, food insecurity, transportation, primary care and urgent care access, mental health ","Food insecurity, behavioral health, primary care access",https://www.ssmhealth.com/SSMHealth/media/Documents/about/chna/oklahoma/ssm-health-st-anthony-shawnee-chna-2021.pdf,https://www.ssmhealth.com/SSMHealth/media/Documents/about/chna/oklahoma/ssm-health-st-anthony-shawnee-chip-2022-2024.pdf,N/A
St. John Broken Arrow,1000 West Boise Circle,Broken Arrow,74012-4900,OK,Ascension Healthcare,,2019,"Combination of counties, zip codes, and places",Tulsa,"74130, 74120","downtown Tulsa, east Tulsa, Jenks, Bixby and Glenpool, midtown Tulsa, Tulsa north, Owasso, Sperry, Collinsville, Skiatook, Sand Springs, west Tulsa, south Tulsa, Broken Arrow","behavioral health, exercise/nutrition/weight, prevention/health behaviors (e.g. smoking, missing doctor's visits), access to care, chronic disease (esp cancer), adverse childhood experiences (ACEs), food access/security, substance abuse, socioeconomic status, immunizations and infectious diseases, lack of health education, maternal/fetal/infant health","behvaioral health, access to care, healthy life styles, adverse childhood experiences",https://healthcare.ascension.org/-/media/Healthcare/Compliance-Documents/Oklahoma/2019-St-John-Broken-Arrow-CHNA-Executive-Summary.pdf,https://healthcare.ascension.org/-/media/healthcare/compliance-documents/oklahoma/2020-2022-st-john-broken-arrow-implementation-strategy.pdf,N/A
St. John Medical Center,1923 South Utica Avenue,Tulsa,74104-6502,OK,Ascension Healthcare,,2019,"Combination of counties, zip codes, and places",Tulsa,"74063, 74105, 74012, 74114, 74133","downtown Tulsa, east Tulsa, Jenks, Bixby, Glenpool, midtown Tulsa, Tulsa north, Owasso, Sperry, Collinsville, Skiatook, Sand Springs, west Tulsa, south Tulsa and Broken Arrow","behavioral health, access to care, healthy lifestyles, adverse childhood experiences (ACEs)","behavioral health, access to care, prevention/health behaviors, exercise, nutrition and weight, chronic disease (esp. cancer), substance abuse",https://healthcare.ascension.org/-/media/Healthcare/Compliance-Documents/Oklahoma/2019-St-John-Medical-Center-CHNA-Report.pdf,https://healthcare.ascension.org/-/media/healthcare/compliance-documents/oklahoma/2020-2022-st-john-medical-center-implementation-strategy.pdf,N/A
St. John Owasso,12451 East 100th Street North,Owasso,74055-4600,OK,Ascension Healthcare,Yes,2019,"Combination of counties, zip codes, and places",Tulsa,"74055, 74021, 74073, 74126, 74115","Tulsa, Bixby, Broken Arrow, Collinsville, Glenpool, Jenks, Liberty, Lotsee, Owasso, Sand Springs, Sapulpa, Skiatook and Sperry","behavioral health, access to care, prevention/health behaviors, exercise, nutrition and weight, chronic disease (esp. cancer), substance abuse","behvaioral health, access to care, healthy lifestyles, adverse childhood experiences (ACE's)",https://healthcare.ascension.org/-/media/healthcare/compliance-documents/oklahoma/2019-st-john-owasso-chna-report.pdf,https://healthcare.ascension.org/-/media/healthcare/compliance-documents/oklahoma/2020-2022-st-john-medical-center-implementation-strategy.pdf,N/A
St. John Rehabilitation Hospital,1200 West Albany Drive,Broken Arrow,74012-8146,OK,Encompass Health Corporation,Yes,N/A unable to find,,,,,,,,,
St. John Sapulpa,1004 East Bryan Avenue,Sapulpa,74066-4513,OK,Ascension Healthcare,Yes,2019,"Combination of counties, zip codes, and places",Creek,"74066, 74039, 74010, 74044, 74041",City of Sapulpa,"Behavioral health, Exercise/nutrition/weight, Prevention/health behaviors (e.g., smoking, missing doctors visits, etc.), Access to care, Chronic disease (esp. cancer), Adverse childhood experiences (ACEs), Food access/security, Safe environment, Substance abuse, Socioeconomic status, mmunizations and infectious diseases, Lack of health education, Maternal/fetal/infant health","Behavioral health, access to care, Healthy lifestyles, Adverse childhood experiences (ACE)",https://healthcare.ascension.org/-/media/healthcare/compliance-documents/oklahoma/2019-st-john-sapulpa-chna-report.pdf,https://healthcare.ascension.org/-/media/healthcare/compliance-documents/oklahoma/2019-st-john-sapulpa-chna-report.pdf,N/A
St. Mary's Regional Medical Center,305 South Fifth Street,Enid,73701-5899,OK,"Universal Health Services, Inc.",No,N/A unable to find,,,,,,,,,
Stillwater Medical Center,1323 West Sixth Avenue,Stillwater,74074-4399,OK,,Yes,N/A unable to find,,,,,,,,,
Stillwater Medical Perry,501 North 14th Street,Perry,73077-5099,OK,,Yes,N/A unable to find,,,,,,,,,
Stroud Regional Medical Center,Highway 66 West,Stroud,74079,OK,"First Physicians Capital Group, Inc.",No,2014,"Combination of counties, zip codes, and places",Lincoln,"74026, 74028, 74046, 74079, 74824, 74834, 74860, 74869","Stroud, Davenport, Depew, Agra, Chandler, Milfay, Paden, Sparks","Physical Inactivity, Adult Smoking, Adult Obesity, Clinical care","Primary care providers, Preventable hospital stays, Access to exercise opportunities, uninsured, mammography screenings",https://osucrhblog.s3.amazonaws.com/chna/pdf/stroudregmedcntr2014.pdf,https://osucrhblog.s3.amazonaws.com/chna/pdf/stroudregmedcntr2014.pdf,Corrie Kaiser Director of Ok Rural health 405-840-6500
Summit Medical Center,1800 S Renaissance Boulevard,Edmond,73013-3023,OK,,No,N/A unable to find,,,,,,,,,
Surgical Hospital of Oklahoma,100 SE 59th Street,Oklahoma City,73129-3616,OK,,No,N/A unable to find,,,,,,,,,
The Children's Center Rehabilitation Hospital,6800 NW 39th Expressway,Bethany,73008-2513,OK,,Yes,2019,List of Places,N/A,N/A,State of Oklahoma,"Lack of access to specialists, Lack of access to rural patients, Transitional care","Increase access to specialists, Increase access to rural patients, Transitional care ",https://www.bethanychildrens.org/wp-content/uploads/2021/12/The-Childrens-Center-06-30-19-CHNA.pdf,N/A,N/A
Tulsa Spine and Specialty Hospital,6901 South Olympia Avenue,Tulsa,74132-1843,OK,Ardent Health Services,Unable to find,N/A unable to find,,,,,,,,,
Valir Rehabilitation Hospital,700 NW Seventh Street,Oklahoma City,73102-1212,OK,,Unable to find,N/A unable to find,,,,,,,,,
Wagoner Community Hospital,1200 West Cherokee Street,Wagoner,74467-4624,OK,,No,2018,"Combination of counties, zip codes, and places","Wagoner, Cherokee, Creek, Mayes, Muskogee, Okmulgee, Rogers","74467, 74446","Tahlequah, Sapulpa, Pryor, Muskogee, Okemah, Claremore, Wagoner","Drug and alcohol abuse, pediatrics available in the community, keeping people in the community using local services","Access to fitness opportunities, activities for teenagers, limited activities outside of athletics, lack of pediatric providers and care in the community, increase non-smoking areas throughout the state",https://www.wagonerhospital.com/_files/ugd/9fdff7_b25ca09d5aa147e78620af4230ba6af6.pdf,https://www.wagonerhospital.com/_files/ugd/9fdff7_b25ca09d5aa147e78620af4230ba6af6.pdf,918-485-5514
Weatherford Regional Hospital,3701 East Main Street,Weatherford,73096-3309,OK,,,2020,"Combination of counties, zip codes, and places","Beckham, Blaine, Caddo, Caddo, Custer, Custer Kiowa, Washita","73096, 73669, 73048, 73047, 73021, 73024, 73040, 73033, 73015, 73632, 73601","Elk City, Watonga, Anadarko, Carnegie, Clinton, Weatherford, Hobart, Cordell","premature death, poor or fair health, poor physical health days, poor mental health days, low birth weight","Mental health, COVID-19, Overall wellness, access to affordable care, chronic conditions, access to specailists, acessing OB and prenatal care, aging, food insecuity, uninsured students, STI testing",https://osucrhblog.s3.amazonaws.com/chna/pdf/weatherfordreghosp2020.pdf,http://osururalhealth.blogspot.com/p/chna.htmll,N/A
Willow Crest Hospital,130 'A' Street SW,Miami,74354-6800,OK,,,N/A unable to find,,,,,,,,,