Healthcare_Name,Street_Address,City,Zipcode,State,Associated_Health_System,Nonprofit,CHNA_Year,Service_Area_Type,Service_Area_Counties,Service_Area_Zip,Service_Area_Places,Health_Needs,Health_Priorities,CHNA_URL,Implementation_URL,Contact
Avera De Smet Memorial Hospital,306 Prairie Avenue SW,De Smet,57231-2285,SD,Avera Health,Yes,2019,List of Counties,Kingsbury County ,N/A,N/A,"Health Behaviors, Clinical Care, Social & Economic Factors, Physical Environment",Home Health Care Access,https://www.avera.org/app/files/public/74883/2019-chna-desmet.pdf,https://www.avera.org/app/files/public/75840/2019-chna-desmet-implementation-plan.pdf,N/A
Avera Dells Area Hospital,909 North Iowa Avenue,Dell Rapids,57022-1231,SD,Avera Health,Yes,2019,Combination of counties and places,"Minnehaha County, Moody County, Lake County",N/A,"Dell Rapids, Garretson, Baltic, Colton, Sherman, Trent, Colman, Chester","Public Awareness & Use, Convenience to Care, Tobacco Education/Cessation, Mental Health, Physical Activity, Outreach Services, Nutrition Education, Transportation ","Public Awareness of Hospital/Clinical Services, Nutrition Education ",https://www.avera.org/app/files/public/74879/2019-chna-dell-rapids.pdf,https://www.avera.org/app/files/public/75598/2019-chna-dell-rapids-implementation-plan.pdf,N/A
Avera Flandreau Hospital,214 North Prairie Street,Flandreau,57028-1243,SD,Avera Health,Yes,2019,Combination of counties and places,"Moody County, Brookings County",N/A,"Colman, Egan, Trent, Ward, Elkton","Public Awareness, Nutrition Education, Healthcare Education in Spanish, Insurance Education, Tobacco Education/Cessation, Transporation, Physical Activity/Wellness 
Outreach Services 
","Mental Health Services, Chemical Dependency Services/Education",https://www.avera.org/app/files/public/74880/2019-chna-flandreau.pdf,https://www.avera.org/app/files/public/75726/2019-chna-flandreau-implementation-plan.pdf,N/A
Avera Gettysburg Hospital,606 East Garfield Avenue,Gettysburg,57442-1398,SD,Avera Health,Yes,2019,Combination of counties and places,Potter County,N/A,"Gettysburg, Hoven, Tolstoy, Lebanon","New healthcare facility with added services, Fitness Center with community accessibility, Strengthen home care and hospice options in and around Gettysburg, handicap accessibility, transportation needs for the community, diabetic, cardiac and other health issue related education","New healthcare facility with expanded services, increased organized wellness programs including walking & biking trails, strengthen home care and hospice options in and around Potter County",https://www.avera.org/app/files/public/75057/2019-chna-gettysburg.pdf,https://www.avera.org/app/files/public/75837/2019-chna-gettysburg-implementation-plan.pdf,N/A
Avera Gregory Hospital,400 Park Avenue,Gregory,57533-1302,SD,Avera Health,Yes,2019,Combination of counties and places,"Gregory County, Tripp County",N/A,"Gregory, Burke, Bonesteel, Colome, Winner, Butte, Spencer, Fairfax","Public awareness & use convenience to care, tobacco education/cessation, mental health, physical activity, outreach services, nutrition education, transportation","Public awareness of Hospital/Clinical Services, Nutrition Education ",https://www.avera.org/app/files/public/75069/2019-chna-gregory.pdf,https://www.avera.org/app/files/public/75768/2019-chna-gregory-implementation-plan.pdf,N/A
Avera Hand County Memorial Hospital,300 West Fifth Street,Miller,57362-1238,SD,Avera Health,Yes,2019,List of Counties,Hand County,N/A,N/A,"Disease Prevention & Maintenance, Access to Specialty Care","Disease Prevention & Maintenance, Access to Specialty Care",https://www.avera.org/app/files/public/74899/2019-chna-hand-county.pdf,https://www.avera.org/app/files/public/75699/2019-chna-hand-county-implementation-plan.pdf,N/A
Avera Heart Hospital of South Dakota,4500 West 69th Street,Sioux Falls,57108-8148,SD,Avera Health,Yes,2019,List of Counties,"Minnehaha County, Lincoln County, McCook County, & Turner County",N/A,N/A,"Access to care, Behavioral health and substance abuse, Chronic disease prevention ","Aging population, Child and youth economic well-being, Health care access, Health and wellness, Mental health and substance use, Safety, Transportation",https://www.avera.org/app/files/public/74850/2019-chna-heart-hospital.pdf,https://www.avera.org/app/files/public/75711/2019-chna-mckennan-heart-hospital-implementation-plan.pdf,chanson@siouxfallsthrive.org
Avera McKennan Hospital and University Health Center,1325 South Cliff Avenue,Sioux Falls,57105-1007,SD,Avera Health,Yes,2019,List of Places,N/A,N/A,Sioux Falls,"Access to care, Behavioral Health and substance use, Chronic diseases prevention, Housing, Food insecurity","Access to care, Behavioral Health and substance use, Chronic diseases prevention, Housing & Food insecurity",https://www.avera.org/app/files/public/75711/2019-chna-mckennan-heart-hospital-implementation-plan.pdf,https://www.avera.org/app/files/public/75711/2019-chna-mckennan-heart-hospital-implementation-plan.pdf,N/A
Avera Queen of Peace Hospital,525 North Foster,Mitchell,57301-2999,SD,Avera Health,Yes,2019,List of Counties,Davison county,N/A,N/A,"Access to care, Behavioral Health and substance use, Prevention, wellness, screening, and education ","Access to care; Behavioral Health and substance use; Prevention, wellness, screening, and education ",https://www.avera.org/app/files/public/74884/2019-chna-queen-of-peace.pdf,https://www.avera.org/app/files/public/74884/2019-chna-queen-of-peace.pdf,roxanne.seifert@avera.org
Avera Sacred Heart Hospital,501 Summit Avenue,Yankton,57078-3855,SD,Avera Health,Yes,2019,Combination of counties and zip codes,"Yankton, Bon Homme, Charles Mix, Hutchinson, Clay county, Knox, Cedar county","57078, 57069, 57063, 68736, 57079, 57501, 57301, 57070, 68730, 57703, 57067, 68760, 68739, 51342, 68780, 57045, 57062, 57078

",N/A,"Nutrition, Physical Activity , Tobacco use, Chronic Disease Management, Access to care, and affordable care
","Nutrition, Coordinated health care delivery system, Access to care, Behavioral health, Substance aubse",https://www.avera.org/app/files/public/75017/2019-chna-sacred-heart.pdf,https://www.avera.org/app/files/public/75736/2019-chna-sacred-heart-implementation-plan.pdf,N/A
Avera St. Benedict Health Center,401 West Glynn Drive,Parkston,57366-9605,SD,Avera Health,Yes,2019,List of Counties,Hutchinson County,N/A,N/A,"A community environment that makes exercise easy, Behavioral health concerns, Nutrition deficits, Social determinant of health, Access to care
 ","Obesity, Substance use prevention, Deterioration of homes, After school activities for kids, Access to care","https://www.avera.org/app/files/public/75516/2019-chna-st-benedict-implementation-plan.pdf

",https://www.avera.org/app/files/public/75516/2019-chna-st-benedict-implementation-plan.pdf,N/A
Avera St. Luke's Hospital,305 South State Street,Aberdeen,57401-4527,SD,Avera Health,Yes,2019,Combination of counties and places,Brown County,N/A,Aberdeen,"Overall access to wellness and healthcare needs, Health care affordability, Transportation, Dental","Population health/quality of life, Housing and affordability, Travel and accessibility to care, Dental care - adults, Behavioral health, Health care affordability, Healthcare barriers, Chronic disease care, Suicide prevention, Opioid and drugs, Diversity translation and education ",https://www.avera.org/app/files/public/75093/2019-chna-st-lukes.pdf,https://www.avera.org/app/files/public/75825/2019-chna-st-lukes-implementation-plan.pdf,N/A
Avera St. Mary's Hospital,801 East Sioux Avenue,Pierre,57501-3323,SD,Avera Health,Yes,2019,Combination of counties and places,"Hughes county, Stanley county, Sully county",N/A,Pierre,"Mental health concerns, Physical inactivity, Healthy eating, Uninsured, Affordable housing","Mental health concerns, Physical inactivity, Healthy eating",https://www.avera.org/app/files/public/74872/2019-chna-st-marys.pdf,https://www.avera.org/app/files/public/75713/2019-chna-st-marys-implementation-plan.pdf,N/A
Avera Weskota Memorial Hospital,604 First Street NE,Wessington Springs,57382-2166,SD,Avera Health,Yes,2019,List of Counties,Jerauld county,N/A,N/A,"Community health education, Primary care access
 ","Community health education, Primary care access
 ",https://www.avera.org/app/files/public/74885/2019-chna-weskota.pdf,https://www.avera.org/app/files/public/75838/2019-chna-weskota-implementation-plan.pdf,krisi.livermont@avera.org 
Bennett County Hospital and Nursing Home,102 Major Allen Street,Martin,57551-6005,SD,Stand alone health provider,Yes,2018,Combination of counties and places,Bennett County ,N/A,"Martin, Allen, Swett, Batesland, Tuthilll, and Vetal.","Access to care and ensuring there was a facility that could meet those needs, access to education of health topics, substance abuse, workforce, affordable healthy food choices, and
transportation issues.","New facility for Bennet County Hospital and Nursing Home, Education on affordable healthy choices, transportation to appointments",2018-Community-Assessment.pdf (bennettcountyhospital.com),https://www.bennettcountyhospital.com/wp-content/uploads/2020/01/BCHNH-2018-Community-Needs-Assessment-Implimentation-Plan.pdf,N/A
Black Hills Surgical Hospital,216 Anamaria Drive,Rapid City,57701-7366,SD,,No,2019,Combination of counties and places,"Butte, Custer, Fall River, Lawrence, Meade and Pennington Counties",N/A,"Rapid City, Sturgis, Deadwood, Lead, Spearfish, Belle Fourche, Keystone, Hill City, Custer, Hot Springs, and Edgemont",N/A,"Mental Health, Substance and Alcohol Abuse, Birth-to-five Childcare Services, Food Security, Home and Family Life, Housing, Economic Opportunities",https://www.jtvf.org/assets/docs/uploads/publications/uwbh-needs-assessment.pdf,N/A,(605) 721-4700
Bowdle Hospital,8001 West Fifth Street,Bowdle,57428-2031,SD,Standalone health system,Yes,2020,List of Counties,Edmund,N/A,N/A,"Economics, Children & Youth, Healthcare and Wellness, Aging, Safety, Mental Health/Substance Abuse",Physical and mental health,https://doh.sd.gov/documents/Providers/RuralHealth/2016-2020_PrimaryCareNeedsAssessment.pdf,https://www.sanfordhealth.org/-/media/org/files/about/community-health-needs-assessment/pdf---aberdeen-is-booklet.pdf,(605)285-6146
Brookings Health System,300 22nd Avenue,Brookings,57006-2496,SD,,Yes,2020,N/A,N/A,N/A,N/A,N/A,N/A,https://doh.sd.gov/documents/Providers/RuralHealth/2016-2020_PrimaryCareNeedsAssessment.pdf,N/A,(605) 696-9000
Community Memorial Hospital,111 West Tenth Avenue,Redfield,57469-1520,SD,,Yes,2020,N/A,N/A,N/A,N/A,N/A,N/A,https://doh.sd.gov/documents/Providers/RuralHealth/2016-2020_PrimaryCareNeedsAssessment.pdf,N/A,(605)-472-1110
Community Memorial Hospital,809 Jackson Street,Burke,57523-2065,SD,Sanford Health,Yes,2020,List of Counties,Gregory County ,N/A,N/A,"Economics, Children & Youth, Healthcare and Wellness, Aging, Safety, Mental Health/Substance Abuse ","Mental Health, Healthcare and Wellness 
",https://www.sanfordhealth.org/-/media/org/files/about/community-health-needs-assessment/2019-chna-final-report-community-memorial-burke-sd.pdf,https://www.sanfordhealth.org/-/media/org/files/about/community-health-needs-assessment/2019-chna-final-report-community-memorial-burke-sd.pdf,(605)775-2621
Coteau des Prairies Hospital,205 Orchard Drive,Sisseton,57262-2398,SD,Sanford Health,Yes,2021,List of Counties,"Roberts County, South Dakota; Marshall County, South Dakota; Day County, South Dakota; Richland County, North Dakota; Traverse County, Minnesota",N/A,N/A,"Insurance coverage, health services, timeliness of care, Lack of access to health services leads to unmet health needs, delays in receiving appropriate care, inability to get preventive services, financial burdens for the patient, and preventable hospitalizations.","Improving access to  care and use of telehealth technologies; Addressing behavioral and mental health needs including alcohol, drug, and substance use disorders",https://www.cdphealth.com/documents/CHNA-2021-Coteau-Des-Prairies-Health-Care-Sisseton.pdf,https://www.cdphealth.com/documents/CHNA-2021-Coteau-Des-Prairies-Health-Care-Sisseton.pdf,(605) 698-7647
Custer Regional Hospital,1039 Montgomery Street,Custer,57730-1397,SD,Regional Health,Yes,2018,List of Counties,"Pennington, Custer, Fall River",N/A,N/A,"Access to Healthcare Services, Cancer, Diabetes, Heart Disease & Stroke, Infant Health & Family Planning, Injury & Violence, Kidney Disease, Mental Health, Nutrition, Physical Activity &
Weight, Potentially Disabling Conditions, Respiratory Diseases, Sexually Transmitted Diseases, Substance Abuse","Cancer, Heart Disease & Stroke, Diabetes, Mental Health",https://monument.health/wp-content/uploads/2019/06/2018-PRC-CHNA-Report-RH-Custer-Hospital.pdf,https://monument.health/wp-content/uploads/2019/11/Community-Health-Implementation-Plan_CRH_2022.pdf,N/A
Dakota Plains Surgical Center,"701 8th Avenue NW, Suite C",Aberdeen,57401-1865,SD,,Yes,N/A unable to find,,,,,,,,,
Douglas County Memorial Hospital,708 Eighth Street,Armour,57313-2102,SD,,Yes,2019,List of Counties,Douglas County,N/A,N/A,"Mental Health Issues, Fitness, wellness, obesity, general wellness, improved access to Long Term Care services, Access to Specialties, Transportation, Dental","Mental Health Issues, Shortage of Dental Resources, Wellness Issues, Increased Access to Specialty Services, Transportation Issues for Individuals with limited Mobility, Access to Long Term Care Services",http://dcmhsd.org/CHNA2019ApprovedbyBoard20190522.pdf,http://dcmhsd.org/wp-content/uploads/2019/09/Implementation-Strategy-2019boardapproved0925019.pdf,Joshua.christensen@dcmhsd.org 
Dunes Surgical Hospital,600 North Sioux Point Road,Dakota Dunes,57049-5000,SD,,,2022,Combination of counties and places,"Iowa counties of Woodbury and Plymouth; the Nebraska counties of Dakota, Dixon, and Thurston; and the South Dakota county of Union",N/A,"Sioux City, Iowa","Preventative Care, Substance Misuse, Physical Health, Mental Health","Mental Health Care, Preventative Care, Substance Misuse, and Physical Health",https://www.siouxlanddistricthealth.org/home/showpublisheddocument/651/637801683241530000,https://www.siouxlanddistricthealth.org/home/showpublisheddocument/665/637801691235870000,Michelle Lewis: mlewis@siouxlanddistricthealth.org
Eureka Community Health Services Avera,410 Ninth Street,Eureka,57437-2182,SD,Avera Health,,2022,Combination of counties and places,"McPherson County (SD), Campbell County (SD), McIntosh County (ND)",N/A,"Cities: Eureka, Leola, and Long Lake","Recruitment of Providers, Technology enhancements/expand e-consult services, and Education on Health Care Services","Recruitment of Providers, Technology enhancements/expand e-consult services, and Education on Health Care Services",https://www.avera.org/app/files/public/82234/2022-chna-eureka.pdf,N/A,"Carmen Weber, Administrator / Connie Woehlhaff RN, CHNA Coordinator"
Fall River Hospital,1201 Highway 71 South,Hot Springs,57747-8800,SD,,Yes,N/A unable to find,,,,,,,,,
Faulkton Area Medical Center,1300 Oak Street,Faulkton,57438-2149,SD,,Yes,2020,Combination of counties and places,Faulk County,N/A,"Cities:
Chelsea, Cresbard, Faulkton, Miranda, Norbeck, Onaka, Orient, Rockham, Seneca, Wecota, Zell, 
Hutterite Colonies:
Thunderbird, Evergreen, Brentwood, Blumengard","Home Health Care/Hospice, Cost/Billing, Telehealth/Outreach services, Education","Home Health Care/Hospice, Cost/Billing, Telehealth, Education",https://faulktonmedical.org/wp-content/uploads/CHNA-2020-Report.docx,https://faulktonmedical.org/wp-content/uploads/CHNA-2020-Report.docx,N/A
Freeman Regional Health Services,510 East Eighth Street,Freeman,57029-2086,SD,,,2019,Combination of counties and places,"Hutchinson County, Turner County, McCook County, and Hanson County",N/A,"Cities: Freeman, Marion, Menno, Parker, and Bridgewater","Specific services, affordability of health care","Promote community health and wellness, Foster and promote community outreach and volunteerism, Position FRHS to meet the changing needs of the surrounding population, Provide access to community based quality care, Address issues relating to work force shortages.",https://freemanregional.com/wp-content/uploads/2021/12/Freeman-Regional-Community-Needs-Assessment-Implementation-Strategy-2019.pdf,https://freemanregional.com/wp-content/uploads/2021/12/Freeman-Regional-Community-Needs-Assessment-Implementation-Strategy-2019.pdf,N/A
Huron Regional Medical Center,172 Fourth Street SE,Huron,57350-2590,SD,QHR,,2019,"Combination of counties, zip codes, and places",Beadle County,"57322, 57324, 57348, 57350, 57379, 57381, 57384, 57384","Carpenter, Cavour, Hitchcock, Huron, Virgil, Wessington, Wosley, Yale
","Physicians, Mental Health, Alcohol use/substance abuse, Maternal and infant measures, Priority Populations, Education/Prevention, Obesity/Overweight, Mental Health/Suicide, Chronic Pain Management, Diabetes, Prevention/Wellness Education, Women's Health, Physical Activity, Flu/Pneumonia, Heart Disease, Alzheimer's, Cancer, Hypertension, Accidents, Kidney Disease, Liver Disease, Lung Disease, Stroke, Continuity of Care, Access to Interpreters, Hospitalist Programs, Gamblers Anonymous
Childhood Immunizations


","Physicians, Mental Health, Alcohol use/substance abuse, Maternal and infant measures, Priority Populations",https://www.huronregional.org/Content/Uploads/huron_regional/files/06.19.19%20-%20HRMC%20CHNA%20Implementation%20Report%20FINAL.pdf,https://www.huronregional.org/Content/Uploads/huron_regional/files/06.19.19%20-%20HRMC%20CHNA%20Implementation%20Report%20FINAL.pdf,N/A
Indian Health Service Hospital,3200 Canyon Lake Drive,Rapid City,57702-8197,SD,U. S. Indian Health Service,,N/A unable to find,,,,,,,,,
Landmann-Jungman Memorial Hospital Avera,600 Billars Street,Scotland,57059-2026,SD,Avera Health,,2019,Combination of counties and places,"Bon Homme County, Hutchinson, and Yankton county ",N/A,"Cities: Scotland, Tyndall","Behavioral Health concerns, Social Determinats of health, health education, Chronic disease treatment and prevention, obesity, access to health care from pediatric to geriatric.","Behavioral Health concerns, Health education, Access to health care from pediatric to geriatric, obesity and social determinants of health. ",https://www.avera.org/app/files/public/74760/2019-chna-landmann.pdf,https://www.avera.org/app/files/public/75770/2019-chna-landmann-implementation-plan.pdf,"Carmen Weber, Administrator / Connie Woehlhaff RN, CHNA Coordinator"
Lead-Deadwood Regional Hospital,61 Charles Street,Deadwood,57732-1303,SD,Regional Health,,2018,List of Counties,"Butte County, Crook County, Custer County, Fall River County, Haakon County, Jackson County, Lawrence
County, Meade County, Oglala Lakota County, Pennington County",N/A,N/A,"Access to Healthcare Services, Cancer, Diabetes, Heart Disease & Stroke, Injury & Violence, Mental Health, Nutrition, Physical Activity, & Weight, Potentially Disabling Conditions, Sexually Transmitted Diseases, Substance Abuse, Tobacco Use","Cancer, Heart Disease & Stroke, Diabetes, Mental Health",https://monument.health/wp-content/uploads/2019/06/2018-PRC-CHNA-Report-RH-Lead-Deadwood-Hospital.pdf,https://monument.health/wp-content/uploads/2019/11/Community-Health-Implementation-Plan_LDRH_2022.pdf,"Professional Research Consultants, Inc. 11326 P Street Omaha, NE 68137-2316 www.PRCCustomResearch.com"
Lewis and Clark Specialty Hospital,2601 Fox Run Parkway,Yankton,57078-5341,SD,,,N/A unable to find,,,,,,,,,
Lifescape,2501 West 26th Street,Sioux Falls,57105-2498,SD,,,2019,List of Counties,"South Dakota: Butte, Lawrence, Meade, Pennington, Custer, Fall River, Corson, Walworth, Dewey, Potter, Haakon, Stanley, Hughes, Bennett, Todd, Tripp, Hyde, Hand, Buffalo, Brule, Gregory, Charles Mix, Brown, Spink, Beadle, Aurora, Douglas, Davison, Hutchinson, Bon Homme, Marshall, Day, Clark, Kingsbury, Miner, McCook, Turner, Yankton, Roberts, Grant, Codington, Hamlin, Deuel, Brookings, Lake, Moody, Minnehaha, Lincoln, Clay, Union.             Minnesota: Big Stone, Cottonwood, Jackson, Kandiyohi, Lincoln, Lyon, Martin, Murray, Nobles, Pipestone, Redwood, Rock, Traverse, and Yellow Medicine                                                              Iowa: Buena Vista, Cherokee, Clay, Dickinson, Emmet, Ida, Kossuth, Lyon, O'brien, Osceloa, Palo Alto, Plymouth, Pocahontas, Sioux, and Woodbury",N/A,N/A,"Lack of mental health services and providers, Lack of parent training and education, Lack of coordination of connecting families to resources in the community, Lack of transportation to services, Lack of availability of affordable healthcare/low fee clinics","Lack of mental health services and providers in our service area, Lack of parent training and education in our service area, Lack of coordination of connecting families to resources in our service area ",https://d1e7v5mylx61rx.cloudfront.net/general-uploads/CHNA-2019-FINAL.pdf,https://d1e7v5mylx61rx.cloudfront.net/general-uploads/CHNA-2019-FINAL.pdf,N/A
Madison Regional Health System,323 SW 10th Street,Madison,57042-3200,SD,,,2019,Combination of counties and zip codes,"Lake County, Miner County",57349,N/A,"Mental and behavioral health education, access, and affordability;
post-acute care, long-term care, senior living continuum; specialty service access awareness, recruiting, and gaps; diabetes & obesity related health issues awareness, education, services and new programming","Mental and behavioral health education, access, and affordability; post-acute care, long-term care, and senior living continuum; specialty service access, awareness, recruiting, and gaps; diabetes & obesity related health issues awareness, education, services and new programming ",https://madisonregionalhealth.org/wp-content/uploads/CHNA2019.cleaned.pdf,https://madisonregionalhealth.org/wp-content/uploads/CHNA2019ImplementationStrategy.cleaned-1.pdf,Tammy.Miller@MadisonHospital.com
Marshall County Healthcare Center Avera,413 Ninth Street,Britton,57430-2274,SD,Avera Health,Yes,2019,List of Counties,Marshall,N/A,N/A,"Mental/Behavioral Health Services, Maintaining EMT/Ambulance Services, Weight Management, Community Education","Mental/Behavioral Health Services, Maintaining EMT/Ambulance Services, Weight Management, Community Education ",https://www.avera.org/app/files/public/74976/2019-chna-marshall-county.pdf,https://www.avera.org/app/files/public/74977/2019-chna-marshall-county-implementation-plan.pdf,N/A
Milbank Area Hospital Avera,301 Flynn Drive,Milbank,57252-1508,SD,Avera Health,Yes,2019,List of Counties,"Grant, Roberts, Day, Marshall, Big Stone, Deuel",N/A,N/A,"Primary Care Physician Access, Mental Health Services, Greater Outreach to Ethnic Minority Patients, Healthcare Affordability","Primary Care Physician Access, Mental Health Services, Greater Outreach to Ethnic Minority Patients",https://www.avera.org/app/files/public/75095/2019-chna-milbank.pdf,https://www.avera.org/app/files/public/75712/2019-chna-milbank-implementation-plan.pdf,N/A
Mobridge Regional Hospital,1401 Tenth Avenue West,Mobridge,57601-1106,SD,,Yes,2019,List of Counties,"Campbell, Corson, Dewey, Walworth, Ziebach",N/A,N/A,"Education Regarding the Dangers Associated with Drug & Alcohol Abuse, Need for Additional Nursing Home Beds/Options, Need for Additional Mental & Behavioral Health Services, Community Transportation, Daycare and Other Childcare Services, Increase Local Income/Decrease Poverty Level - Economic Development, Increase Staffing and Local Workforce Development","Education Regarding the Dangers Associated with Drug & Alcohol Abuse, Need for Additional Nursing Home Beds/Options, Need for Additional Mental & Behavioral Health Services, Community Transportation",https://www.mobridgehospital.org/image/cache/Final_2019_MRH_CHNA_-_Signed.pdf,https://www.mobridgehospital.org/image/cache/Final_2019_MRH_CHNA_-_Signed.pdf,605-845-3692
Hans P. Peterson Memorial Hospital,503 West Pine Street,Philip,57567-3300,SD,Philip Health Services / Monument Health,Yes,2020,Combination of counties and zip codes,Haakon,57657,N/A,"Infant Health & Family Planning, Injury and Violence, Mental Health, Nutrition, Physical Activity & Weight, Sexually Transmitted Diseases, Substance Abuse, Tobacco Use","Access to health Services, Cancer, Diabetes, Heart Disease & Stroke",https://doh.sd.gov/documents/Providers/RuralHealth/2016-2020_PrimaryCareNeedsAssessment.pdf,https://www.philiphealthservices.com/wp-content/uploads/2021/09/Implementation-Strategy-2020-2022-1.pdf,N/A
Pioneer Memorial Hospital and Health Services,315 North Washington Street,Viborg,57070-2002,SD,Sanford Health,Yes,2019,List of Places,N/A,N/A,"Viborg, SD","Economics - employment options and affordable housing, Children and Youth - bullying and cost/availability of child care, Health Care and Wellness - access to affordable health insurance and availibility of mental health providers, Aging Population - cost of long-term care and memory care and availability of resources for caring for elders, Mental Health - depression and alcohol use","Aging Population - Senior Care Education, Mental Health - Education",https://www.sanfordhealth.org/-/media/org/files/about/community-health-needs-assessment/2019-chna-final-report-pioneer-memorial-viborg-sd.pdf,https://templator-admin.azurewebsites.net/Uploads/documents/45/Executive%20Summary%20and%20Implementation%20Strategy.pdf,N/A
Platte Health Center Avera,601 East Seventh,Platte,57369-2123,SD,Avera Health,Yes,2019,"Combination of counties, zip codes, and places","Charles Mix, Aurora, Brule, Douglas ",57369,"Platte, Geddes, White Lake","Affordable Housing & Daycare, Access to information about community services, access to mental health and dental services, screening/prevention, heart/cardiovascular disease, diabetes & prediabetes, obesity/lack of physical exercise/proper nutrition, substance use including alcohol use & smoking ","Providing Access to Preventative and Screening Programs; Health promotion and education to decrease the rate of obesity, cardiovascular disease, & diabetes; Improve access to mental health services to include substance abuse ",https://www.avera.org/app/files/public/74952/2019-chna-platte.pdf,https://www.avera.org/app/files/public/74951/2019-chna-platte-implementation-plan.pdf,N/A
Prairie Lakes Healthcare System,401 9th Avenue NW,Watertown,57201-1548,SD,,Yes,2019,List of Counties,"Primary Service Area:
Clark
Codington
Hamlin

Secondary Service Area:
Day
Roberts
Grant
Deuel
Big Stone (MN)
Lac Qui Parle (MN)
Yellow Medicine (MN)",N/A,N/A,"Mental/behavioral health services; stress management, respite for single parents; Nutrition education/healthy food availability; Obesity care & prevention; Preventative care services and awareness; health education; Drugs, alcohol & alcohol impaired driving deaths; Adult smoking/smoking cessation; Uninsured; Dental care/oral health; Sexually transmitted infections; Teen pregnancy","Behavioral Health, Nutrition Health and Obesity, Preventative Care Services and Awareness, Drugs, Smoking, and Alcohol Use",https://www.prairielakes.com/images/pdfs/Community_Health_Needs_Assessment_2019_-_PLHS.pdf,https://www.prairielakes.com/images/pdfs/Community_Health_Needs_Assessment_2019_-_Implementation_Strategy_-_PLHS.pdf,"Jessica Eidson
Jessica.Eidson@prairielakes.com"
Rapid City Regional Hospital,353 Fairmont Boulevard,Rapid City,57701-7393,SD,Momument Health and Regional Health,Yes,2018,List of Counties,"Butte, Custer, Fall River, Lawrence, Meade, Oglala Lakota, and Pennington Counties.",n/a,N/A,"Access to Healthcare services, Cancer, Diabetes, Heart Disease and Stroke, Infant Health and Family Planning, Injury and Violence, Mental Health, Nutrition, Physical Activity, and Weight, Potentially Disabling Conditions, Sexually Transmitted Diseases, Substance Abuse, Tobacco Use.","Cancer, Heart Diease & Stroke, Diabetes, and Mental Health",https://monument.health/wp-content/uploads/2019/06/2018-PRC-CHNA-Report-Regional-Health-Rapid-City-Hospital.pdf,https://monument.health/wp-content/uploads/2020/02/Community-Health-Implementation-Plan-RCRH.pdf,N/A
Same Day Surgery Center,651 Cathedral Drive,Rapid City,57701-7368,SD,https://monument.health/wp-content/uploads/2020/04/Community-Health-Implementation-Plan-11-2019SDSC-FINAL.pdf,Yes,2018,Combination of counties and places,"Butte, Custer, Fall River,
Lawrence, Meade, 
Oglala Lakota  
Pennington ",N/A,Rapid City,"Access to Healthcare services, Cancer, Diabetes, Heart Disease
and Stroke, Injury and violence, Mental Health, Nutrition, Physical activity and weight, potentially Disabling conditions, Sexually transmitted diseases, Substance Abuse, Tobacco Use.","Cancer, Diabetes ",https://monument.health/wp-content/uploads/2019/06/2018-PRC-CHNA-Report-Regional-Health-Rapid-City-Hospital.pdf,https://monument.health/wp-content/uploads/2020/04/Community-Health-Implementation-Plan-11-2019SDSC-FINAL.pdf,http://www.samedaysurgerycenter.org/contact-us/
Sanford Aberdeen Medical Center,2905 3rd Avenue SE,Aberdeen,57401-5420,SD,Sanford Health,Yes,2022,Combination of counties and places,"Brown, Edmunds",N/A,Aberdeen,"Physical Activity and Nutrition, Access to Affordable Healthcare, Access to Health Care Providers, Public Transportation, Affordable Housing","Improving physical activity and 
nutrition for youth and adults, Access to health care providers particulalry for mental health services and education",https://www.sanfordhealth.org/-/media/org/files/about/community-health-needs-assessment/2022/aberdeen-chna-report-2022-2024.pdf,https://www.sanfordhealth.org/-/media/org/files/about/community-health-needs-assessment/2022/aberdeen-chna-report-2022-2024.pdf,"Ashley Erickson
Executive Director
Community.Benefits.Sanford@SanfordHealth.org <Community.Benefits.Sanford@SanfordHealth.org>;
"
Sanford Canton-Inwood Medical Center,440 North Hiawatha Drive,Canton,57013-5800,SD,Sanford Health,Yes,2022,Combination of counties and places,"Lincoln

",N/A,Canton,"Access to affordable health care, Mental Health, Affordable Housing, Long-Term Care, Nursing Homes and Senior Housing, Public Transportation",Access to affordable Housing Access to senior living,https://www.sanfordhealth.org/-/media/org/files/about/community-health-needs-assessment/2022/canton-inwood-chna-report-2022-2024.pdf,https://www.sanfordhealth.org/-/media/org/files/about/community-health-needs-assessment/2022/canton-inwood-chna-report-2022-2024.pdf,Community.Benefits.Sanford@SanfordHealth.org <Community.Benefits.Sanford@SanfordHealth.org>;
Sanford Chamberlain Medical Center,300 South Byron Boulevard,Chamberlain,57325-9741,SD,Sanford Health,Yes,2022,Combination of counties and places,"Buffalo, Lyman, and Brule",N/A,"Chamberlain, Lakota ","Access to Health Care Providers, Access to Affordable Health Care, Mental Health and Substance Abuse, Physical 
Activity and Nutrition, Tobacco Usage, Sexual Activity, Community Safety, Child Care Quality, Affordable Housing,
Public Transportation, Internet","Improve mental health and decrease addiction/substance abuse in the community, increase access to specialty care in the community",https://www.sanfordhealth.org/-/media/org/files/about/community-health-needs-assessment/2022/chamberlain-chna-report-2022-2024.pdf,https://www.sanfordhealth.org/-/media/org/files/about/community-health-needs-assessment/2022/chamberlain-chna-report-2022-2024.pdf,Community.Benefits.Sanford@SanfordHealth.org
Sanford Clear Lake Medical Center,701 Third Avenue South,Clear Lake,57226-2016,SD,Sanford Health,Yes,2022,Combination of counties and places,Deuel County,N/A,Clear Lake,"Access to Affordable Health Care, Access to Health Care Providers, Mental Health, Affordable Housing, Public Transportation, Physical Activity and Nutrition","Increase community access to primary care providers including enhanced affordability, Continue to build/improve community access to daily transportation",https://www.sanfordhealth.org/-/media/org/files/about/community-health-needs-assessment/2022/clear-lake-chna-report-2022-2024.pdf,https://www.sanfordhealth.org/-/media/org/files/about/community-health-needs-assessment/2022/clear-lake-chna-report-2022-2024.pdf,Community.Benefits.Sanford@SanfordHealth.org
Sanford USD Medical Center,1305 West 18th Street,Sioux Falls,57105-0496,SD,Sanford Health,Yes,2022,Combination of counties and places,"Lincoln, Minnehaha, McCook, Turner",N/A,Sioux Falls,"Access to affordable health care, Physical activity and nutrition, Mental health, Access to health care providers, Long-term care, Public transportation, Affordable housing","Access to care, Chronic disease prevention, Mental health and addiction",https://www.sanfordhealth.org/-/media/org/files/about/community-health-needs-assessment/2022/sanford-usd-chna-report-2022-2024.pdf,https://www.sanfordhealth.org/-/media/org/files/about/community-health-needs-assessment/2022/sanford-usd-chna-report-2022-2024.pdf,sanfordhealth.org
Sanford Vermillion Medical Center,20 South Plum Street,Vermillion,57069-3346,SD,Sanford Health,Yes,2022,Combination of counties and places,"Clay, Union",N/A,Vermillion,"Access to health care providers, Affordable housing, Public transportation","Access to Affordable Health Care, Health Care Access: Mental/Behavioral Health",https://www.sanfordhealth.org/-/media/org/files/about/community-health-needs-assessment/2022/vermillion-chna-report-2022-2024.pdf,https://www.sanfordhealth.org/-/media/org/files/about/community-health-needs-assessment/2022/vermillion-chna-report-2022-2024.pdf,"Veronica L. Schmidt, MSW
Social Worker
Sanford Vermillion Hospital
20 S Plum St
Vermillion, SD 57069
© 2022 Vitadox
Source: https://www.vitadox.com/doctor/vermillion-sd-57069/veronica-l-schmidt-msw/JPoZxViT6WfM2GBxHdMQM7"
Sanford Webster Medical Center,1401 West 1st Street,Webster,57274-1054,SD,Sanford Health,Yes,2021,Combination of counties and places,Day,N/A,Webster,"Access to Health Care, Physical Activity and Nutrition, Community Safety, Employment and Economic Opportunities","Physical Activity and Nutrition, Community Safety",https://www.sanfordhealth.org/-/media/org/files/about/community-health-needs-assessment/2022/webster-chna-report-2022-2024.pdf,https://www.sanfordhealth.org/-/media/org/files/about/community-health-needs-assessment/2022/webster-chna-report-2022-2024.pdf,Social Worker
Select Specialty Hospital-Sioux Falls,1305 West 18th Street,Sioux Falls,57105-0401,SD,Select Medical Corporation,No,2019,Combination of counties and places,"Big Stone Cottonwood, Jackson Kandiyohl Lincoln, Lyon Martin Murray Nobles, Pipestone Redwood  Rock, Traverse Yellow Medicine, Buena Vista, O'Brien, Cherokee Osceola Clay, Dickinson Palo Alto, Plymouth Emmet Pocahontas, Ida Sious Kossuth, Lyons Woodbury


",N/A,Sioux Falls,"People with Autism; People with dual diagnoses (intellectual disability and
co-occurring mental illness); People who live in poverty, underinsured, and cannot afford high deductibles and copays; Childhood obesity; Medicare patients.","Lack of mental health services
and providers, Lack of parent training and 
education, Lack of coordination of connecting families to resources in the community, Lack of transportation to services, Lack of availability of affordable healthcare/low fee clinics.
",Operations Report (d1e7v5mylx61rx.cloudfront.net),,https://www.lifescapesd.org
Sioux Falls Specialty Hospital,910 East 20th Street,Sioux Falls,57105-1012,SD,https://www.sfsh.com,No,2019,Combination of counties and places,"Big Stone Cottonwood Jackson, Kandiyohl Lincoln, Lyon Martin, Murray Nobles Pipestone, Redwood, Rock Traverse, Yellow Medicine Buena, Vista O'Brien Cherokee, Osceola Clay Dickinson, Palo Alto, Plymouth Emmet, Pocahontas Ida Sious Kossuth, Lyons Woodbury",N/A,Sioux Falls,"People with Autism; People with dual diagnoses (intellectual disability and
co-occurring mental illness); People who live in poverty, underinsured, and cannot afford high deductibles and copays; Childhood obesity; Medicare patients","Lack of mental health services
and providers, Lack of parent training and 
education, Lack of coordination of 
connecting families to resources in the
community, Lack of transportation to services, Lack of availability of affordable healthcare/low fee clinics",Operations Report (d1e7v5mylx61rx.cloudfront.net),,https://www.lifescapesd.org
Sioux Falls Veterans Affairs Health Care System,2501 West 22nd Street,Sioux Falls,57105-1305,SD,Department of Veterans Affairs,,N/A unable to find,,,,,,,,,
Spearfish Regional Hospital,1440 North Main Street,Spearfish,57783-1504,SD,YES,Yes,2019,Combination of counties and places,"Butte, Lawrence, Meade & Pennington Counties, South Dakota
Crook County, Wyoming
",N/A,Spearfish,"Access to Health Services, Infant health and Family Planning, Injury & violence, Nutrition, Physical Activity & Weight, Potentially Disabling Conditions, Substance Abuse, Sexually Transmitted Diseases, Tobacco Use
","Cancer, Heart Disease & Stroke, Diabetes, Mental Health
",https://monument.health/wp-content/uploads/2019/06/2018-PRC-CHNA-Report-RH-Spearfish-Hospital.pdf,https://monument.health/wp-content/uploads/2019/11/Community-Health-Implementation-Plan_SPRH_2022.pdf,"Vermillion, SD 57069"
St. Michael's Hospital Avera,410 West 16th Avenue,Tyndall,57066-2318,SD,Avera Health,Yes,2019,Combination of counties and places,Bon Homme County ,N/A,Tyndall,"Access to Primary Medical Care, Behavioral Health Services, Obesity & Physical Inactivity 
","Behavioral Health Services, Physical Inactivity ",https://www.avera.org/app/files/public/75019/2019-chna-st-michaels.pdf,https://www.avera.org/app/files/public/75700/2019-chna-st-michaels-implementation-plan.pdf,https://npino.com/medical-supplies/1912072224-spearfish-regional-hospita
Sturgis Regional Hospital,949 Harmon Street,Sturgis,57785-2452,SD,Regional Health,Yes,2020,"Combination of counties, zip codes, and places",Meade County,57785,Sturgis,"Access to Healthcare Services, Cancer, Dementia, Diabetes, Heart Disease & Stroke, Infant Health & Family Planning, Injury & Violence, Mental Health, Oral Health, Sexually Transmitted Diseases, Substance Abuse 
","Access to Healthcare Services, Mental Health, Wellness",https://monument.health/wp-content/uploads/2019/11/Community-Health-Implementation-Plan_STRH_2022.pdf,https://monument.health/wp-content/uploads/2019/02/Community-Health-Implementation-Plan-STRH-FY17-19.pdf,N/A
U. S. Public Health Service Indian Hospital,"Highway 18, Soldier Creek Road",Rosebud,57570,SD,U. S. Indian Health Service,,N/A unable to find,,,,,,,,,
U. S. Public Health Service Indian Hospital,317 Main Street,Eagle Butte,57625-1012,SD,U. S. Indian Health Service,,N/A unable to find,,,,,,,,,
U. S. Public Health Service Indian Hospital,East Highway 18,Pine Ridge,57770,SD,U. S. Indian Health Service,,2018,List of Counties,"Butte, Custer, Fall River, Lawrence, Meade, Oglala Lakota, Pennington",N/A,N/A,"Access to Healthcare Services, Cancer, Diabetes, Heart Disease & Stroke, Infant Health & Family Planning, Injury & Violence, Mental Health, Nutrition, Physical Activity, & Weight, Potentially Disabling Conditions, Sexually Transmitted Diseases, Substance Abuse, Tobacco Use","Cancer, Diabetes, Heart Disease & Stroke, Mental Health",https://monument.health/wp-content/uploads/2019/06/2018-PRC-CHNA-Report-Regional-Health-Rapid-City-Hospital.pdf,https://doh.sd.gov/documents/Providers/RuralHealth/2016-2020_PrimaryCareNeedsAssessment.pdf,N/A
Veterans Affairs Black Hills Health Care System,113 Comanche Road,Fort Meade,57741-1099,SD,Department of Veterans Affairs,,N/A unable to find,,,,,,,,,
Wagner Community Memorial Hospital Avera,513 Third Street SW,Wagner,57380-9675,SD,Avera Health,Yes,2019,Combination of counties and places,"Charles Mix County, Douglas County, Bon Homme County 
",N/A,"Wagner, Lake Andes, Ravinia, Marty, Pickstown, Dante, Greenwood, Delmont, Avon ","Mental Health, Substance Abuse, Diabetes, Obesity, Violence ","Mental Health, Substance Abuse, Diabetes, Obesity, Violence ",https://www.avera.org/app/files/public/74979/2019-chna-wagner.pdf,https://www.avera.org/app/files/public/75519/2019-chna-wagner-implementation-plan.pdf,N/A
Winner Regional Healthcare Center,745 East Eighth Street,Winner,57580-2631,SD,Sanford Health,Yes,2019,Combination of counties and places,Tripp County,N/A,Winner,"Economics, children and youth health care and wellness, aging population, mental health/behavioral health",Healthcare and Physical Health,https://winnerregional.org/wp-content/uploads/2019/10/2019-Community-Health-Needs.pdf,https://winnerregional.org/wp-content/uploads/2016/12/PDF-Winner-IS.pdf,N/A
